-- --------------------------------------------------------
-- Host:                         127.0.0.1
-- Server version:               8.0.30 - MySQL Community Server - GPL
-- Server OS:                    Win64
-- HeidiSQL Version:             12.1.0.6537
-- --------------------------------------------------------

/*!40101 SET @OLD_CHARACTER_SET_CLIENT=@@CHARACTER_SET_CLIENT */;
/*!40101 SET NAMES utf8 */;
/*!50503 SET NAMES utf8mb4 */;
/*!40103 SET @OLD_TIME_ZONE=@@TIME_ZONE */;
/*!40103 SET TIME_ZONE='+00:00' */;
/*!40014 SET @OLD_FOREIGN_KEY_CHECKS=@@FOREIGN_KEY_CHECKS, FOREIGN_KEY_CHECKS=0 */;
/*!40101 SET @OLD_SQL_MODE=@@SQL_MODE, SQL_MODE='NO_AUTO_VALUE_ON_ZERO' */;
/*!40111 SET @OLD_SQL_NOTES=@@SQL_NOTES, SQL_NOTES=0 */;

-- Dumping structure for table laravel.inventori
DROP TABLE IF EXISTS `inventori`;
CREATE TABLE IF NOT EXISTS `inventori` (
  `id` bigint unsigned NOT NULL AUTO_INCREMENT,
  `stok_in` int DEFAULT '0',
  `stok_out` int DEFAULT '0',
  `total_stok` int DEFAULT '0',
  `type` enum('IN','OUT','MIN') COLLATE utf8mb4_unicode_ci NOT NULL,
  `produk_id` int DEFAULT NULL,
  `supplier_id` int DEFAULT NULL,
  `transaksi_id` int DEFAULT NULL,
  `keterangan` varchar(255) COLLATE utf8mb4_unicode_ci DEFAULT NULL,
  `created_at` timestamp NULL DEFAULT NULL,
  `updated_at` timestamp NULL DEFAULT NULL,
  PRIMARY KEY (`id`)
) ENGINE=InnoDB AUTO_INCREMENT=367 DEFAULT CHARSET=utf8mb4 COLLATE=utf8mb4_unicode_ci;

-- Dumping data for table laravel.inventori: ~366 rows (approximately)
INSERT INTO `inventori` (`id`, `stok_in`, `stok_out`, `total_stok`, `type`, `produk_id`, `supplier_id`, `transaksi_id`, `keterangan`, `created_at`, `updated_at`) VALUES
	(1, 3, 0, 3, 'IN', 1, 1, NULL, 'Pembelian produk SURYA 12, jumlah 3 pcs, harga 24.300,di supplier AROMA pada tanggal 30-05-2024 21:27', '2024-05-30 14:27:17', '2024-05-30 14:27:17'),
	(2, 5, 0, 5, 'IN', 2, 1, NULL, 'Pembelian produk GG INTERNATONAL 12, jumlah 5 pcs, harga 24.250,di supplier AROMA pada tanggal 30-05-2024 21:30', '2024-05-30 14:30:44', '2024-05-30 14:30:44'),
	(3, 5, 0, 5, 'IN', 3, 1, NULL, 'Pembelian produk GG SIGNATURE 12, jumlah 5 pcs, harga 23.200,di supplier AROMA pada tanggal 30-05-2024 21:35', '2024-05-30 14:35:44', '2024-05-30 14:35:44'),
	(4, 4, 0, 4, 'IN', 4, 1, NULL, 'Pembelian produk GG MERAH 12, jumlah 4 pcs, harga 14.500,di supplier AROMA pada tanggal 30-05-2024 21:40', '2024-05-30 14:40:42', '2024-05-30 14:40:42'),
	(5, 2, 0, 2, 'IN', 5, 1, NULL, 'Pembelian produk SAMPOERNA MILD 16, jumlah 2 pcs, harga 31.650,di supplier AROMA pada tanggal 30-05-2024 21:43', '2024-05-30 14:43:44', '2024-05-30 14:43:44'),
	(6, 1, 0, 1, 'IN', 6, 2, NULL, 'Pembelian produk SAMPOERNA SPLASH PURPLE 16, jumlah 1 pcs, harga 27.250,di supplier SALES KANVAS pada tanggal 30-05-2024 21:45', '2024-05-30 14:45:47', '2024-05-30 14:45:47'),
	(7, 3, 0, 3, 'IN', 7, 1, NULL, 'Pembelian produk SAMPOERNA MILD 12, jumlah 3 pcs, harga 23.800,di supplier AROMA pada tanggal 30-05-2024 21:47', '2024-05-30 14:47:14', '2024-05-30 14:47:14'),
	(8, 2, 0, 2, 'IN', 8, 1, NULL, 'Pembelian produk SAMP. SPLASH TROPICAL 12, jumlah 2 pcs, harga 20.500,di supplier AROMA pada tanggal 30-05-2024 21:56', '2024-05-30 14:56:30', '2024-05-30 14:56:30'),
	(9, 3, 0, 3, 'IN', 9, 3, NULL, 'Pembelian produk SAMPOERNA PRIMA 12, jumlah 3 pcs, harga 14.500,di supplier GEMILANG pada tanggal 30-05-2024 22:04', '2024-05-30 15:04:39', '2024-05-30 15:04:39'),
	(10, 2, 0, 2, 'IN', 10, 1, NULL, 'Pembelian produk SAMPOERNA KRETEK 12, jumlah 2 pcs, harga 14.500,di supplier AROMA pada tanggal 30-05-2024 22:09', '2024-05-30 15:09:00', '2024-05-30 15:09:00'),
	(11, 4, 0, 4, 'IN', 11, 1, NULL, 'Pembelian produk DJARUM 76 MANGGA, jumlah 4 pcs, harga 13.300,di supplier AROMA pada tanggal 30-05-2024 22:13', '2024-05-30 15:13:27', '2024-05-30 15:13:27'),
	(12, 3, 0, 3, 'IN', 12, 1, NULL, 'Pembelian produk DJARUM 76, jumlah 3 pcs, harga 14.300,di supplier AROMA pada tanggal 30-05-2024 22:25', '2024-05-30 15:25:09', '2024-05-30 15:25:09'),
	(13, 3, 0, 3, 'IN', 13, 1, NULL, 'Pembelian produk DJARUM 76 EXTRA 12, jumlah 3 pcs, harga 13.500,di supplier AROMA pada tanggal 30-05-2024 22:27', '2024-05-30 15:27:12', '2024-05-30 15:27:12'),
	(14, 1, 0, 1, 'IN', 14, 1, NULL, 'Pembelian produk DJARUM SUPER, jumlah 1 pcs, harga 23.500,di supplier AROMA pada tanggal 30-05-2024 22:29', '2024-05-30 15:29:56', '2024-05-30 15:29:56'),
	(15, 1, 0, 1, 'IN', 15, 1, NULL, 'Pembelian produk DJARUM MLD 16, jumlah 1 pcs, harga 29.000,di supplier AROMA pada tanggal 30-05-2024 22:31', '2024-05-30 15:31:08', '2024-05-30 15:31:08'),
	(16, 11, 0, 11, 'IN', 16, 3, NULL, 'Pembelian produk HARMONI 16, jumlah 11 pcs, harga 10.500,di supplier GEMILANG pada tanggal 30-05-2024 22:32', '2024-05-30 15:32:47', '2024-05-30 15:32:47'),
	(17, 10, 0, 10, 'IN', 17, 3, NULL, 'Pembelian produk GAJAH BARU 12, jumlah 10 pcs, harga 16.000,di supplier GEMILANG pada tanggal 30-05-2024 22:35', '2024-05-30 15:35:21', '2024-05-30 15:35:21'),
	(18, 3, 0, 3, 'IN', 18, 1, NULL, 'Pembelian produk DIPLOMAT MENTHOL 16, jumlah 3 pcs, harga 22.500,di supplier AROMA pada tanggal 30-05-2024 22:38', '2024-05-30 15:38:58', '2024-05-30 15:38:58'),
	(19, 2, 0, 2, 'IN', 19, 1, NULL, 'Pembelian produk DIPLOMAT MILD 16, jumlah 2 pcs, harga 22.500,di supplier AROMA pada tanggal 30-05-2024 22:39', '2024-05-30 15:39:34', '2024-05-30 15:39:34'),
	(20, 3, 0, 3, 'IN', 20, 1, NULL, 'Pembelian produk DIPLOMAT EVO 12, jumlah 3 pcs, harga 15.000,di supplier AROMA pada tanggal 30-05-2024 22:40', '2024-05-30 15:40:19', '2024-05-30 15:40:19'),
	(21, 1, 0, 1, 'IN', 21, 1, NULL, 'Pembelian produk ARES MIND 12, jumlah 1 pcs, harga 15.000,di supplier AROMA pada tanggal 30-05-2024 22:46', '2024-05-30 15:46:05', '2024-05-30 15:46:05'),
	(22, 2, 0, 2, 'IN', 22, 1, NULL, 'Pembelian produk ARES BOLD 12, jumlah 2 pcs, harga 17.000,di supplier AROMA pada tanggal 30-05-2024 22:50', '2024-05-30 15:50:18', '2024-05-30 15:50:18'),
	(23, 3, 0, 3, 'IN', 23, 1, NULL, 'Pembelian produk ANDALAN 12, jumlah 3 pcs, harga 14.500,di supplier AROMA pada tanggal 30-05-2024 22:51', '2024-05-30 15:51:32', '2024-05-30 15:51:32'),
	(24, 2, 0, 2, 'IN', 24, 1, NULL, 'Pembelian produk SERGIO 20, jumlah 2 pcs, harga 22.900,di supplier AROMA pada tanggal 30-05-2024 22:54', '2024-05-30 15:54:50', '2024-05-30 15:54:50'),
	(25, 40, 0, 40, 'IN', 25, 1, NULL, 'Pembelian produk SURYA BATANG, jumlah 40 pcs, harga 1.850,di supplier AROMA pada tanggal 30-05-2024 22:56', '2024-05-30 15:56:49', '2024-05-30 15:56:49'),
	(26, 3, 0, 3, 'IN', 26, 1, NULL, 'Pembelian produk WIN FILTER 20, jumlah 3 pcs, harga 26.800,di supplier AROMA pada tanggal 30-05-2024 23:03', '2024-05-30 16:03:11', '2024-05-30 16:03:11'),
	(27, 1, 0, 1, 'IN', 27, 1, NULL, 'Pembelian produk WIN BOLD 20, jumlah 1 pcs, harga 26.200,di supplier AROMA pada tanggal 30-05-2024 23:04', '2024-05-30 16:04:00', '2024-05-30 16:04:00'),
	(28, 2, 0, 2, 'IN', 28, 2, NULL, 'Pembelian produk GLIZZ PURPLE 16, jumlah 2 pcs, harga 21.300,di supplier SALES KANVAS pada tanggal 30-05-2024 23:05', '2024-05-30 16:05:00', '2024-05-30 16:05:00'),
	(29, 7, 0, 7, 'IN', 29, 1, NULL, 'Pembelian produk ASPRO INTERNATIONAL 12, jumlah 7 pcs, harga 15.500,di supplier AROMA pada tanggal 30-05-2024 23:07', '2024-05-30 16:07:13', '2024-05-30 16:07:13'),
	(30, 9, 0, 9, 'IN', 30, 1, NULL, 'Pembelian produk ASPRO 16, jumlah 9 pcs, harga 22.500,di supplier AROMA pada tanggal 30-05-2024 23:08', '2024-05-30 16:08:26', '2024-05-30 16:08:26'),
	(31, 3, 0, 3, 'IN', 31, 2, NULL, 'Pembelian produk ASPRO INTERNATIONAL 12, jumlah 3 pcs, harga 15.750,di supplier SALES KANVAS pada tanggal 30-05-2024 23:13', '2024-05-30 16:13:09', '2024-05-30 16:13:09'),
	(32, 1, 0, 1, 'IN', 32, 1, NULL, 'Pembelian produk RED BLACK 16, jumlah 1 pcs, harga 20.000,di supplier AROMA pada tanggal 30-05-2024 23:15', '2024-05-30 16:15:26', '2024-05-30 16:15:26'),
	(33, 2, 0, 2, 'IN', 33, 1, NULL, 'Pembelian produk RED BLACK MENTHOL 16, jumlah 2 pcs, harga 20.000,di supplier AROMA pada tanggal 30-05-2024 23:16', '2024-05-30 16:16:05', '2024-05-30 16:16:05'),
	(34, 3, 0, 3, 'IN', 34, 1, NULL, 'Pembelian produk RED MILD 16, jumlah 3 pcs, harga 20.000,di supplier AROMA pada tanggal 30-05-2024 23:17', '2024-05-30 16:17:09', '2024-05-30 16:17:09'),
	(35, 3, 0, 3, 'IN', 35, 1, NULL, 'Pembelian produk CAMEL WHITE 20 S, jumlah 3 pcs, harga 25.900,di supplier AROMA pada tanggal 30-05-2024 23:24', '2024-05-30 16:24:27', '2024-05-30 16:24:27'),
	(36, 3, 0, 3, 'IN', 36, 1, NULL, 'Pembelian produk CAMEL WHITE 20 L, jumlah 3 pcs, harga 25.900,di supplier AROMA pada tanggal 30-05-2024 23:24', '2024-05-30 16:24:58', '2024-05-30 16:24:58'),
	(37, 3, 0, 3, 'IN', 37, 1, NULL, 'Pembelian produk CAMEL YELLOW 20 S, jumlah 3 pcs, harga 25.900,di supplier AROMA pada tanggal 30-05-2024 23:26', '2024-05-30 16:26:16', '2024-05-30 16:26:16'),
	(38, 1, 0, 1, 'IN', 38, 1, NULL, 'Pembelian produk CAMEL YELLOW 20 L, jumlah 1 pcs, harga 25.900,di supplier AROMA pada tanggal 30-05-2024 23:26', '2024-05-30 16:26:41', '2024-05-30 16:26:41'),
	(39, 5, 0, 5, 'IN', 39, 2, NULL, 'Pembelian produk CAMEL INTENSE BLUE 16, jumlah 5 pcs, harga 20.100,di supplier SALES KANVAS pada tanggal 30-05-2024 23:30', '2024-05-30 16:30:14', '2024-05-30 16:30:14'),
	(40, 3, 0, 3, 'IN', 40, 3, NULL, 'Pembelian produk CAMEL OPTION PURPLE 12, jumlah 3 pcs, harga 17.450,di supplier GEMILANG pada tanggal 30-05-2024 23:31', '2024-05-30 16:31:46', '2024-05-30 16:31:46'),
	(41, 3, 0, 3, 'IN', 41, 1, NULL, 'Pembelian produk DUNHILL BLACK 16, jumlah 3 pcs, harga 27.200,di supplier AROMA pada tanggal 30-05-2024 23:33', '2024-05-30 16:33:54', '2024-05-30 16:33:54'),
	(42, 4, 0, 4, 'IN', 42, 1, NULL, 'Pembelian produk DUNHILL WHITE 16, jumlah 4 pcs, harga 27.200,di supplier AROMA pada tanggal 30-05-2024 23:34', '2024-05-30 16:34:39', '2024-05-30 16:34:39'),
	(43, 1, 0, 1, 'IN', 43, 3, NULL, 'Pembelian produk ESSE CHANGE DOUBLE 20, jumlah 1 pcs, harga 38.650,di supplier GEMILANG pada tanggal 30-05-2024 23:37', '2024-05-30 16:37:07', '2024-05-30 16:37:07'),
	(44, 1, 0, 1, 'IN', 44, 1, NULL, 'Pembelian produk TWIZZ PURPLE 12, jumlah 1 pcs, harga 16.500,di supplier AROMA pada tanggal 30-05-2024 23:38', '2024-05-30 16:38:35', '2024-05-30 16:38:35'),
	(45, 2, 0, 2, 'IN', 45, 1, NULL, 'Pembelian produk LUCKY STRIKE 20, jumlah 2 pcs, harga 26.300,di supplier AROMA pada tanggal 30-05-2024 23:40', '2024-05-30 16:40:35', '2024-05-30 16:40:35'),
	(46, 1, 0, 1, 'IN', 46, 1, NULL, 'Pembelian produk COUNTRY 20, jumlah 1 pcs, harga 25.500,di supplier AROMA pada tanggal 30-05-2024 23:41', '2024-05-30 16:41:15', '2024-05-30 16:41:15'),
	(47, 3, 0, 3, 'IN', 47, 1, NULL, 'Pembelian produk MARLBORO RED KRETEK12, jumlah 3 pcs, harga 10.500,di supplier AROMA pada tanggal 30-05-2024 23:45', '2024-05-30 16:45:26', '2024-05-30 16:45:26'),
	(48, 2, 0, 2, 'IN', 48, 2, NULL, 'Pembelian produk MARLBORO RED 20, jumlah 2 pcs, harga 44.000,di supplier SALES KANVAS pada tanggal 30-05-2024 23:47', '2024-05-30 16:47:19', '2024-05-30 16:47:19'),
	(49, 2, 0, 2, 'IN', 49, 1, NULL, 'Pembelian produk MARLBORO FILTER BLACK 12, jumlah 2 pcs, harga 21.500,di supplier AROMA pada tanggal 30-05-2024 23:49', '2024-05-30 16:49:19', '2024-05-30 16:49:19'),
	(50, 3, 0, 3, 'IN', 50, 1, NULL, 'Pembelian produk MARLBORO FILTER BLACK 16, jumlah 3 pcs, harga 28.500,di supplier AROMA pada tanggal 30-05-2024 23:50', '2024-05-30 16:50:51', '2024-05-30 16:50:51'),
	(51, 2, 0, 2, 'IN', 51, 1, NULL, 'Pembelian produk LA PURPLE 16, jumlah 2 pcs, harga 30.600,di supplier AROMA pada tanggal 31-05-2024 07:47', '2024-05-31 00:47:51', '2024-05-31 00:47:51'),
	(52, 4, 0, 4, 'IN', 52, 1, NULL, 'Pembelian produk LA ICE 16, jumlah 4 pcs, harga 30.600,di supplier AROMA pada tanggal 31-05-2024 07:49', '2024-05-31 00:49:01', '2024-05-31 00:49:01'),
	(53, 3, 0, 3, 'IN', 53, 1, NULL, 'Pembelian produk LA LIGHT 16, jumlah 3 pcs, harga 30.500,di supplier AROMA pada tanggal 31-05-2024 07:50', '2024-05-31 00:50:59', '2024-05-31 00:50:59'),
	(54, 2, 0, 2, 'IN', 54, 1, NULL, 'Pembelian produk LA BOLD 12, jumlah 2 pcs, harga 20.500,di supplier AROMA pada tanggal 31-05-2024 07:54', '2024-05-31 00:54:11', '2024-05-31 00:54:11'),
	(55, 5, 0, 5, 'IN', 55, 1, NULL, 'Pembelian produk DJI SAM SOE SP 12, jumlah 5 pcs, harga 20.000,di supplier AROMA pada tanggal 31-05-2024 07:55', '2024-05-31 00:55:59', '2024-05-31 00:55:59'),
	(56, 2, 0, 2, 'IN', 56, 1, NULL, 'Pembelian produk DJI SAM SOE SP 16, jumlah 2 pcs, harga 24.900,di supplier AROMA pada tanggal 31-05-2024 07:58', '2024-05-31 00:58:22', '2024-05-31 00:58:22'),
	(57, 4, 0, 4, 'IN', 57, 1, NULL, 'Pembelian produk DJI SAM SOE KRETEK 12, jumlah 4 pcs, harga 18.000,di supplier AROMA pada tanggal 31-05-2024 07:59', '2024-05-31 00:59:20', '2024-05-31 00:59:20'),
	(58, 3, 0, 3, 'IN', 58, 1, NULL, 'Pembelian produk DJI SAM SOE KRETEK 12 SP, jumlah 3 pcs, harga 18.500,di supplier AROMA pada tanggal 31-05-2024 08:00', '2024-05-31 01:00:45', '2024-05-31 01:00:45'),
	(59, 3, 0, 3, 'IN', 59, 1, NULL, 'Pembelian produk SENIOR CAFFE LATTE 12, jumlah 3 pcs, harga 13.500,di supplier AROMA pada tanggal 31-05-2024 08:02', '2024-05-31 01:02:13', '2024-05-31 01:02:13'),
	(60, 4, 0, 4, 'IN', 60, 1, NULL, 'Pembelian produk JUARA JAMBU 12, jumlah 4 pcs, harga 13.100,di supplier AROMA pada tanggal 31-05-2024 08:03', '2024-05-31 01:03:01', '2024-05-31 01:03:01'),
	(61, 3, 0, 3, 'IN', 61, 1, NULL, 'Pembelian produk TENOR TEH MANIS 12, jumlah 3 pcs, harga 8.000,di supplier AROMA pada tanggal 31-05-2024 08:03', '2024-05-31 01:03:53', '2024-05-31 01:03:53'),
	(62, 2, 0, 2, 'IN', 62, 1, NULL, 'Pembelian produk TENOR KRETEK 12, jumlah 2 pcs, harga 8.000,di supplier AROMA pada tanggal 31-05-2024 08:04', '2024-05-31 01:04:28', '2024-05-31 01:04:28'),
	(63, 2, 0, 2, 'IN', 63, 1, NULL, 'Pembelian produk 169 KRETEK 12, jumlah 2 pcs, harga 7.000,di supplier AROMA pada tanggal 31-05-2024 08:05', '2024-05-31 01:05:44', '2024-05-31 01:05:44'),
	(64, 3, 0, 3, 'IN', 64, 1, NULL, 'Pembelian produk VIPER RED 16, jumlah 3 pcs, harga 19.500,di supplier AROMA pada tanggal 31-05-2024 08:06', '2024-05-31 01:06:35', '2024-05-31 01:06:35'),
	(65, 2, 0, 2, 'IN', 65, 1, NULL, 'Pembelian produk LODJI KRETEK 12, jumlah 2 pcs, harga 7.500,di supplier AROMA pada tanggal 31-05-2024 08:08', '2024-05-31 01:08:01', '2024-05-31 01:08:01'),
	(66, 2, 0, 2, 'IN', 66, 1, NULL, 'Pembelian produk LODJIE 99 PREMIO, jumlah 2 pcs, harga 8.000,di supplier AROMA pada tanggal 31-05-2024 08:08', '2024-05-31 01:08:55', '2024-05-31 01:08:55'),
	(67, 1, 0, 1, 'IN', 67, 2, NULL, 'Pembelian produk SUMBU KRETEK 12, jumlah 1 pcs, harga 7.000,di supplier SALES KANVAS pada tanggal 31-05-2024 08:09', '2024-05-31 01:09:44', '2024-05-31 01:09:44'),
	(68, 2, 0, 2, 'IN', 68, 1, NULL, 'Pembelian produk KANSAS 20, jumlah 2 pcs, harga 15.000,di supplier AROMA pada tanggal 31-05-2024 08:10', '2024-05-31 01:10:13', '2024-05-31 01:10:13'),
	(69, 2, 0, 2, 'IN', 69, 1, NULL, 'Pembelian produk MUSTANG 12, jumlah 2 pcs, harga 15.500,di supplier AROMA pada tanggal 31-05-2024 08:11', '2024-05-31 01:11:11', '2024-05-31 01:11:11'),
	(70, 1, 0, 1, 'IN', 70, 1, NULL, 'Pembelian produk GG DELUXE 12, jumlah 1 pcs, harga 14.300,di supplier AROMA pada tanggal 31-05-2024 08:11', '2024-05-31 01:11:50', '2024-05-31 01:11:50'),
	(71, 2, 0, 2, 'IN', 71, 1, NULL, 'Pembelian produk PRAJA KRETEK 12, jumlah 2 pcs, harga 6.800,di supplier AROMA pada tanggal 31-05-2024 08:12', '2024-05-31 01:12:51', '2024-05-31 01:12:51'),
	(72, 1, 0, 1, 'IN', 72, 1, NULL, 'Pembelian produk GG SURYA PRO MILD 16, jumlah 1 pcs, harga 28.000,di supplier AROMA pada tanggal 31-05-2024 08:13', '2024-05-31 01:13:46', '2024-05-31 01:13:46'),
	(73, 3, 0, 6, 'IN', 1, 4, NULL, 'Pembelian produk SURYA 12, jumlah 3 pcs, harga 23.600,di supplier SALES KANVAS pada tanggal 01-06-2024 18:10', '2024-06-01 11:10:41', '2024-06-01 11:10:41'),
	(74, 4, 0, 10, 'IN', 1, 1, NULL, 'Pembelian produk SURYA 12, jumlah 4 pcs, harga 24.500,di supplier AROMA pada tanggal 01-06-2024 18:13', '2024-06-01 11:13:05', '2024-06-01 11:13:05'),
	(75, 0, 3, 7, 'OUT', 1, NULL, 1, 'Penjualan produk SURYA 12, jumlah 3 pcs, harga 24300 pada tanggal 01-06-2024 18:19', '2024-06-01 11:19:34', '2024-06-01 11:19:34'),
	(76, 0, 4, 3, 'OUT', 1, NULL, 2, 'Penjualan produk SURYA 12, jumlah 4 pcs, harga 24500 pada tanggal 01-06-2024 18:23', '2024-06-01 11:23:48', '2024-06-01 11:23:48'),
	(77, 3, 0, 3, 'IN', 73, 1, NULL, 'Pembelian produk XXXXXXXXX, jumlah 3 pcs, harga 20.000,di supplier AROMA pada tanggal 02-06-2024 09:20', '2024-06-02 02:20:57', '2024-06-02 02:20:57'),
	(78, 0, 3, 0, 'OUT', 1, NULL, 3, 'Penjualan produk SURYA 12, jumlah 3 pcs, harga 23600 pada tanggal 02-06-2024 09:22', '2024-06-02 02:22:52', '2024-06-02 02:22:52'),
	(79, 5, 0, 5, 'IN', 1, 1, NULL, 'Pembelian produk SURYA 12, jumlah 5 pcs, harga 24.250,di supplier AROMA pada tanggal 02-06-2024 09:32', '2024-06-02 02:32:17', '2024-06-02 02:32:17'),
	(80, 2, 0, 7, 'IN', 1, 4, NULL, 'Pembelian produk SURYA 12, jumlah 2 pcs, harga 24.500,di supplier SALES KANVAS pada tanggal 02-06-2024 09:35', '2024-06-02 02:35:50', '2024-06-02 02:35:50'),
	(81, 0, 2, 4, 'OUT', 1, NULL, 4, 'Penjualan produk SURYA 12, jumlah 2 pcs, harga 24500 pada tanggal 02-06-2024 09:41', '2024-06-02 02:41:30', '2024-06-02 02:41:30'),
	(82, 0, 4, 1, 'OUT', 1, NULL, 4, 'Penjualan produk SURYA 12, jumlah 4 pcs, harga 24250 pada tanggal 02-06-2024 09:41', '2024-06-02 02:41:30', '2024-06-02 02:41:30'),
	(83, 0, 1, 0, 'OUT', 1, NULL, 5, 'Penjualan produk SURYA 12, jumlah 1 pcs, harga 24250 pada tanggal 02-06-2024 09:46', '2024-06-02 02:46:13', '2024-06-02 02:46:13'),
	(84, 3, 0, 3, 'IN', 1, 5, NULL, 'Pembelian produk SURYA 12, jumlah 3 pcs, harga 25.000,di supplier INDOGROSIR pada tanggal 02-06-2024 09:57', '2024-06-02 02:57:42', '2024-06-02 02:57:42'),
	(85, 2, 0, 5, 'IN', 1, 1, NULL, 'Pembelian produk SURYA 12, jumlah 2 pcs, harga 24.700,di supplier AROMA pada tanggal 02-06-2024 10:00', '2024-06-02 03:00:15', '2024-06-02 03:00:15'),
	(86, 1, 0, 6, 'IN', 1, 3, NULL, 'Pembelian produk SURYA 12, jumlah 1 pcs, harga 24.500,di supplier GEMILANG pada tanggal 02-06-2024 10:00', '2024-06-02 03:00:46', '2024-06-02 03:00:46'),
	(87, 0, 1, 5, 'OUT', 1, NULL, 6, 'Penjualan produk SURYA 12, jumlah 1 pcs, harga 24500 pada tanggal 02-06-2024 10:03', '2024-06-02 03:03:53', '2024-06-02 03:03:53'),
	(88, 0, 1, 4, 'OUT', 1, NULL, 7, 'Penjualan produk SURYA 12, jumlah 1 pcs, harga 25000 pada tanggal 02-06-2024 10:06', '2024-06-02 03:06:01', '2024-06-02 03:06:01'),
	(89, 0, 1, 3, 'OUT', 1, NULL, 8, 'Penjualan produk SURYA 12, jumlah 1 pcs, harga 25000 pada tanggal 02-06-2024 10:08', '2024-06-02 03:08:03', '2024-06-02 03:08:03'),
	(90, 0, 1, 2, 'OUT', 1, NULL, 9, 'Penjualan produk SURYA 12, jumlah 1 pcs, harga 25000 pada tanggal 02-06-2024 10:12', '2024-06-02 03:12:09', '2024-06-02 03:12:09'),
	(91, 0, 2, 0, 'OUT', 1, NULL, 9, 'Penjualan produk SURYA 12, jumlah 2 pcs, harga 24700 pada tanggal 02-06-2024 10:12', '2024-06-02 03:12:09', '2024-06-02 03:12:09'),
	(92, 1, 0, 1, 'IN', 1, 1, NULL, 'Pembelian produk SURYA 12, jumlah 1 pcs, harga 25.000,di supplier AROMA pada tanggal 02-06-2024 11:06', '2024-06-02 04:06:38', '2024-06-02 04:06:38'),
	(93, 1, 0, 2, 'IN', 1, 1, NULL, 'Pembelian produk SURYA 12, jumlah 1 pcs, harga 24.500,di supplier AROMA pada tanggal 02-06-2024 11:06', '2024-06-02 04:06:59', '2024-06-02 04:06:59'),
	(94, 0, 1, 1, 'OUT', 1, NULL, 10, 'Penjualan produk SURYA 12, jumlah 1 pcs, harga 24500 pada tanggal 02-06-2024 11:07', '2024-06-02 04:07:51', '2024-06-02 04:07:51'),
	(95, 0, 1, 0, 'OUT', 1, NULL, 10, 'Penjualan produk SURYA 12, jumlah 1 pcs, harga 25000 pada tanggal 02-06-2024 11:07', '2024-06-02 04:07:52', '2024-06-02 04:07:52'),
	(96, 1, 0, 6, 'IN', 2, 1, NULL, 'Pembelian produk GG INTERNATONAL 12, jumlah 1 pcs, harga 24.350,di supplier AROMA pada tanggal 02-06-2024 16:42', '2024-06-02 09:42:53', '2024-06-02 09:42:53'),
	(97, 2, 0, 8, 'IN', 2, 4, NULL, 'Pembelian produk GG INTERNATONAL 12, jumlah 2 pcs, harga 24.500,di supplier SALES KANVAS pada tanggal 02-06-2024 16:43', '2024-06-02 09:43:40', '2024-06-02 09:43:40'),
	(98, 60, 0, 60, 'IN', 74, 6, NULL, 'Pembelian produk CLEO 600ML, jumlah 60 pcs, harga 2.400,di supplier SINERGI pada tanggal 02-06-2024 19:00', '2024-06-02 12:00:18', '2024-06-02 12:00:18'),
	(99, 59, 0, 59, 'IN', 75, 1, NULL, 'Pembelian produk VIT 550ML, jumlah 59 pcs, harga 1.900,di supplier AROMA pada tanggal 02-06-2024 19:01', '2024-06-02 12:01:32', '2024-06-02 12:01:32'),
	(100, 68, 0, 68, 'IN', 76, 6, NULL, 'Pembelian produk AQUA 600ML, jumlah 68 pcs, harga 1.875,di supplier SINERGI pada tanggal 02-06-2024 19:06', '2024-06-02 12:06:00', '2024-06-02 12:06:00'),
	(101, 90, 0, 90, 'IN', 77, 6, NULL, 'Pembelian produk LEE MINERAL 600ML, jumlah 90 pcs, harga 2.000,di supplier SINERGI pada tanggal 02-06-2024 19:09', '2024-06-02 12:09:53', '2024-06-02 12:09:53'),
	(102, 90, 0, 90, 'IN', 78, 6, NULL, 'Pembelian produk LE MINERAL 6OOML, jumlah 90 pcs, harga 2.000,di supplier SINERGI pada tanggal 02-06-2024 19:11', '2024-06-02 12:11:12', '2024-06-02 12:11:12'),
	(103, 45, 0, 45, 'IN', 79, 6, NULL, 'Pembelian produk LE MINERAL 1500ML, jumlah 45 pcs, harga 4.500,di supplier SINERGI pada tanggal 02-06-2024 19:12', '2024-06-02 12:12:39', '2024-06-02 12:12:39'),
	(104, 48, 0, 48, 'IN', 80, 6, NULL, 'Pembelian produk AQUA 1500ML, jumlah 48 pcs, harga 4.200,di supplier SINERGI pada tanggal 02-06-2024 19:14', '2024-06-02 12:14:13', '2024-06-02 12:14:13'),
	(105, 5, 0, 5, 'IN', 81, 6, NULL, 'Pembelian produk CLEO 1500ML, jumlah 5 pcs, harga 4.000,di supplier SINERGI pada tanggal 02-06-2024 19:15', '2024-06-02 12:15:26', '2024-06-02 12:15:26'),
	(106, 35, 0, 35, 'IN', 82, 6, NULL, 'Pembelian produk VIT 1500ML, jumlah 35 pcs, harga 3.000,di supplier SINERGI pada tanggal 02-06-2024 19:17', '2024-06-02 12:17:01', '2024-06-02 12:17:01'),
	(107, 6, 0, 6, 'IN', 83, 1, NULL, 'Pembelian produk ORANGE WATER 500ML, jumlah 6 pcs, harga 6.650,di supplier AROMA pada tanggal 02-06-2024 19:19', '2024-06-02 12:19:49', '2024-06-02 12:19:49'),
	(108, 114, 0, 114, 'IN', 84, 7, NULL, 'Pembelian produk NIPIS MADU LIME SODA, jumlah 114 pcs, harga 3.425,di supplier PAMELA pada tanggal 02-06-2024 19:22', '2024-06-02 12:22:29', '2024-06-02 12:22:29'),
	(109, 36, 0, 36, 'IN', 85, 1, NULL, 'Pembelian produk ISOPLUS CHOCO, jumlah 36 pcs, harga 2.450,di supplier AROMA pada tanggal 02-06-2024 19:26', '2024-06-02 12:26:55', '2024-06-02 12:26:55'),
	(110, 36, 0, 36, 'IN', 86, 1, NULL, 'Pembelian produk ISOPLUS, jumlah 36 pcs, harga 2.450,di supplier AROMA pada tanggal 02-06-2024 19:28', '2024-06-02 12:28:11', '2024-06-02 12:28:11'),
	(111, 11, 0, 11, 'IN', 87, 1, NULL, 'Pembelian produk MIZONE LYCHEE LEMON, jumlah 11 pcs, harga 3.600,di supplier AROMA pada tanggal 02-06-2024 19:29', '2024-06-02 12:29:54', '2024-06-02 12:29:54'),
	(112, 32, 0, 32, 'IN', 88, 1, NULL, 'Pembelian produk TEH PUCUK 350ML, jumlah 32 pcs, harga 2.550,di supplier AROMA pada tanggal 02-06-2024 19:30', '2024-06-02 12:30:55', '2024-06-02 12:30:55'),
	(113, 10, 0, 10, 'IN', 89, 1, NULL, 'Pembelian produk PULPY ORANGE, jumlah 10 pcs, harga 4.000,di supplier AROMA pada tanggal 02-06-2024 19:32', '2024-06-02 12:32:44', '2024-06-02 12:32:44'),
	(114, 11, 0, 11, 'IN', 90, 1, NULL, 'Pembelian produk FRUIT TEA BALCKCURRRANT 350ML, jumlah 11 pcs, harga 3.500,di supplier AROMA pada tanggal 02-06-2024 19:34', '2024-06-02 12:34:39', '2024-06-02 12:34:39'),
	(115, 228, 0, 228, 'IN', 91, 7, NULL, 'Pembelian produk TEH GELAS 350ML, jumlah 228 pcs, harga 1.600,di supplier PAMELA pada tanggal 02-06-2024 19:36', '2024-06-02 12:36:55', '2024-06-02 12:36:55'),
	(116, 1, 0, 1, 'IN', 92, 1, NULL, 'Pembelian produk COCA COLA 250ML, jumlah 1 pcs, harga 3.200,di supplier AROMA pada tanggal 02-06-2024 19:39', '2024-06-02 12:39:31', '2024-06-02 12:39:31'),
	(117, 39, 0, 39, 'IN', 93, 6, NULL, 'Pembelian produk COCA COLA 390ML, jumlah 39 pcs, harga 4.500,di supplier SINERGI pada tanggal 02-06-2024 19:41', '2024-06-02 12:41:46', '2024-06-02 12:41:46'),
	(118, 33, 0, 33, 'IN', 94, 6, NULL, 'Pembelian produk FANTA 390ML, jumlah 33 pcs, harga 4.500,di supplier SINERGI pada tanggal 02-06-2024 19:42', '2024-06-02 12:42:55', '2024-06-02 12:42:55'),
	(119, 29, 0, 29, 'IN', 95, 6, NULL, 'Pembelian produk SPRITE 390 ML, jumlah 29 pcs, harga 4.500,di supplier SINERGI pada tanggal 02-06-2024 19:43', '2024-06-02 12:43:39', '2024-06-02 12:43:39'),
	(120, 21, 0, 21, 'IN', 96, 1, NULL, 'Pembelian produk FLORIDINA ORANGE 350ML, jumlah 21 pcs, harga 2.500,di supplier AROMA pada tanggal 02-06-2024 19:47', '2024-06-02 12:47:45', '2024-06-02 12:47:45'),
	(121, 5, 0, 5, 'IN', 97, 1, NULL, 'Pembelian produk FLORIDINA CHOCO 350ML, jumlah 5 pcs, harga 2.500,di supplier AROMA pada tanggal 02-06-2024 19:48', '2024-06-02 12:48:17', '2024-06-02 12:48:17'),
	(122, 9, 0, 9, 'IN', 98, 1, NULL, 'Pembelian produk NUTRI BOSST ORANGE, jumlah 9 pcs, harga 5.800,di supplier AROMA pada tanggal 02-06-2024 19:49', '2024-06-02 12:49:16', '2024-06-02 12:49:16'),
	(123, 13, 0, 13, 'IN', 99, 1, NULL, 'Pembelian produk NUTRI BOOST STRAWBERY 300ML, jumlah 13 pcs, harga 5.500,di supplier AROMA pada tanggal 02-06-2024 19:51', '2024-06-02 12:51:53', '2024-06-02 12:51:53'),
	(124, 2, 0, 2, 'IN', 100, 5, NULL, 'Pembelian produk FANTA SODA  250ML, jumlah 2 pcs, harga 3.200,di supplier INDOGROSIR pada tanggal 02-06-2024 19:53', '2024-06-02 12:53:00', '2024-06-02 12:53:00'),
	(125, 4, 0, 4, 'IN', 101, 1, NULL, 'Pembelian produk YOU C1000 ORANGE 140ML, jumlah 4 pcs, harga 6.000,di supplier AROMA pada tanggal 02-06-2024 19:55', '2024-06-02 12:55:26', '2024-06-02 12:55:26'),
	(126, 1, 0, 1, 'IN', 102, 1, NULL, 'Pembelian produk YOU C100 LEMON 140ML, jumlah 1 pcs, harga 6.000,di supplier AROMA pada tanggal 02-06-2024 19:56', '2024-06-02 12:56:25', '2024-06-02 12:56:25'),
	(127, 5, 0, 5, 'IN', 103, 1, NULL, 'Pembelian produk BEAR BRAND 189ML, jumlah 5 pcs, harga 9.500,di supplier AROMA pada tanggal 02-06-2024 19:58', '2024-06-02 12:58:52', '2024-06-02 12:58:52'),
	(128, 3, 0, 3, 'IN', 104, 1, NULL, 'Pembelian produk LARUTAN KAKI TIGA MELON KLG 320ML, jumlah 3 pcs, harga 5.550,di supplier AROMA pada tanggal 02-06-2024 20:00', '2024-06-02 13:00:33', '2024-06-02 13:00:33'),
	(129, 2, 0, 2, 'IN', 105, 1, NULL, 'Pembelian produk LARUTAN CAP BADAK LECI KLG 320ML, jumlah 2 pcs, harga 6.000,di supplier AROMA pada tanggal 02-06-2024 20:01', '2024-06-02 13:01:37', '2024-06-02 13:01:37'),
	(130, 18, 0, 18, 'IN', 106, 1, NULL, 'Pembelian produk FRESTEA APEL 350ML, jumlah 18 pcs, harga 3.500,di supplier AROMA pada tanggal 02-06-2024 20:02', '2024-06-02 13:02:59', '2024-06-02 13:02:59'),
	(131, 6, 0, 6, 'IN', 107, 1, NULL, 'Pembelian produk POCARI 35OML, jumlah 6 pcs, harga 5.800,di supplier AROMA pada tanggal 02-06-2024 20:06', '2024-06-02 13:06:19', '2024-06-02 13:06:19'),
	(132, 1, 0, 1, 'IN', 108, 1, NULL, 'Pembelian produk NU TEH TARIK 350ML, jumlah 1 pcs, harga 6.500,di supplier AROMA pada tanggal 02-06-2024 20:09', '2024-06-02 13:09:59', '2024-06-02 13:09:59'),
	(133, 2, 0, 2, 'IN', 109, 1, NULL, 'Pembelian produk NU MILKTEA 350ML, jumlah 2 pcs, harga 6.500,di supplier AROMA pada tanggal 02-06-2024 20:10', '2024-06-02 13:10:35', '2024-06-02 13:10:35'),
	(134, 3, 0, 3, 'IN', 110, 1, NULL, 'Pembelian produk NU GREENTEA 45OML, jumlah 3 pcs, harga 5.500,di supplier AROMA pada tanggal 02-06-2024 20:12', '2024-06-02 13:12:45', '2024-06-02 13:12:45'),
	(135, 7, 0, 7, 'IN', 111, 1, NULL, 'Pembelian produk NU YOGURT 450ML, jumlah 7 pcs, harga 5.500,di supplier AROMA pada tanggal 02-06-2024 20:13', '2024-06-02 13:13:49', '2024-06-02 13:13:49'),
	(136, 3, 0, 3, 'IN', 112, 1, NULL, 'Pembelian produk HYDRO CHOCO  25OML, jumlah 3 pcs, harga 6.800,di supplier AROMA pada tanggal 02-06-2024 20:16', '2024-06-02 13:16:59', '2024-06-02 13:16:59'),
	(137, 1, 0, 1, 'IN', 113, 1, NULL, 'Pembelian produk CIMORY YOGURT ALL VAR 24OML, jumlah 1 pcs, harga 7.500,di supplier AROMA pada tanggal 02-06-2024 20:18', '2024-06-02 13:18:40', '2024-06-02 13:18:40'),
	(138, 2, 0, 2, 'IN', 114, 1, NULL, 'Pembelian produk NESCAFE ICE BLACK KLG, jumlah 2 pcs, harga 6.000,di supplier AROMA pada tanggal 02-06-2024 20:19', '2024-06-02 13:19:27', '2024-06-02 13:19:27'),
	(139, 1, 0, 1, 'IN', 115, 1, NULL, 'Pembelian produk NESCAFE LATTE KLG, jumlah 1 pcs, harga 6.000,di supplier AROMA pada tanggal 02-06-2024 20:20', '2024-06-02 13:20:10', '2024-06-02 13:20:10'),
	(140, 5, 0, 5, 'IN', 116, 1, NULL, 'Pembelian produk TEBS BOTOL 550ML, jumlah 5 pcs, harga 7.000,di supplier AROMA pada tanggal 02-06-2024 20:20', '2024-06-02 13:20:55', '2024-06-02 13:20:55'),
	(141, 2, 0, 2, 'IN', 117, 1, NULL, 'Pembelian produk ULTRA MILK FULL CREAM 250ML, jumlah 2 pcs, harga 4.500,di supplier AROMA pada tanggal 02-06-2024 20:21', '2024-06-02 13:21:51', '2024-06-02 13:21:51'),
	(142, 23, 0, 23, 'IN', 118, 1, NULL, 'Pembelian produk UHT ULTRA MILK TARO 200ML, jumlah 23 pcs, harga 4.500,di supplier AROMA pada tanggal 02-06-2024 20:22', '2024-06-02 13:22:58', '2024-06-02 13:22:58'),
	(143, 2, 0, 2, 'IN', 119, 5, NULL, 'Pembelian produk UHT ULTRA MILK COKLAT 200ML, jumlah 2 pcs, harga 4.500,di supplier INDOGROSIR pada tanggal 02-06-2024 20:23', '2024-06-02 13:23:38', '2024-06-02 13:23:38'),
	(144, 6, 0, 6, 'IN', 120, 1, NULL, 'Pembelian produk CINCAU CAP PANDA KLG 32OML, jumlah 6 pcs, harga 5.800,di supplier AROMA pada tanggal 02-06-2024 20:24', '2024-06-02 13:24:38', '2024-06-02 13:24:38'),
	(145, 2, 0, 2, 'IN', 121, 1, NULL, 'Pembelian produk CIMORY UHT TIRAMISU 250ML, jumlah 2 pcs, harga 5.500,di supplier AROMA pada tanggal 02-06-2024 20:25', '2024-06-02 13:25:51', '2024-06-02 13:25:51'),
	(146, 1, 0, 1, 'IN', 122, 4, NULL, 'Pembelian produk CIMORY UHT CHOCOMALT 250ML, jumlah 1 pcs, harga 5.500,di supplier SALES KANVAS pada tanggal 02-06-2024 20:26', '2024-06-02 13:26:35', '2024-06-02 13:26:35'),
	(147, 4, 0, 4, 'IN', 123, 2, NULL, 'Pembelian produk CIMORY UHT WHITE 250ML, jumlah 4 pcs, harga 5.500,di supplier SALES KANVAS pada tanggal 02-06-2024 20:27', '2024-06-02 13:27:22', '2024-06-02 13:27:22'),
	(148, 1, 0, 1, 'IN', 124, 1, NULL, 'Pembelian produk CIMORY UHT HAZELNUT 250ML, jumlah 1 pcs, harga 5.500,di supplier AROMA pada tanggal 02-06-2024 20:29', '2024-06-02 13:29:45', '2024-06-02 13:29:45'),
	(149, 1, 0, 1, 'IN', 125, 2, NULL, 'Pembelian produk CIMORY UHT ALMOND 250ML, jumlah 1 pcs, harga 5.500,di supplier SALES KANVAS pada tanggal 02-06-2024 20:30', '2024-06-02 13:30:23', '2024-06-02 13:30:23'),
	(150, 1, 0, 1, 'IN', 126, 2, NULL, 'Pembelian produk CIMORY UHT SALTED CARAMEL 250ML, jumlah 1 pcs, harga 5.500,di supplier SALES KANVAS pada tanggal 02-06-2024 20:31', '2024-06-02 13:31:01', '2024-06-02 13:31:01'),
	(151, 1, 0, 1, 'IN', 127, 2, NULL, 'Pembelian produk CIMORY UHT CASHEW 250ML, jumlah 1 pcs, harga 5.500,di supplier SALES KANVAS pada tanggal 02-06-2024 20:32', '2024-06-02 13:32:56', '2024-06-02 13:32:56'),
	(152, 2, 0, 2, 'IN', 128, 2, NULL, 'Pembelian produk CIMORY UHT BLUBERRY 250ML, jumlah 2 pcs, harga 5.500,di supplier SALES KANVAS pada tanggal 02-06-2024 20:36', '2024-06-02 13:36:09', '2024-06-02 13:36:09'),
	(153, 2, 0, 2, 'IN', 129, 6, NULL, 'Pembelian produk ABC CHOCO MALT 200ML, jumlah 2 pcs, harga 2.650,di supplier SINERGI pada tanggal 02-06-2024 20:39', '2024-06-02 13:39:02', '2024-06-02 13:39:02'),
	(154, 15, 0, 15, 'IN', 130, 6, NULL, 'Pembelian produk ABC KOPI SUS 200ML, jumlah 15 pcs, harga 2.650,di supplier SINERGI pada tanggal 02-06-2024 20:39', '2024-06-02 13:39:43', '2024-06-02 13:39:43'),
	(155, 12, 0, 12, 'IN', 131, 6, NULL, 'Pembelian produk MILKU ORIGINAL, jumlah 12 pcs, harga 2.500,di supplier SINERGI pada tanggal 02-06-2024 20:47', '2024-06-02 13:47:32', '2024-06-02 13:47:32'),
	(156, 8, 0, 8, 'IN', 132, 6, NULL, 'Pembelian produk MILKU COKELAT, jumlah 8 pcs, harga 2.500,di supplier SINERGI pada tanggal 02-06-2024 20:48', '2024-06-02 13:48:08', '2024-06-02 13:48:08'),
	(157, 12, 0, 12, 'IN', 133, 6, NULL, 'Pembelian produk MILK STRAWBERY, jumlah 12 pcs, harga 2.500,di supplier SINERGI pada tanggal 02-06-2024 20:48', '2024-06-02 13:48:47', '2024-06-02 13:48:47'),
	(158, 10, 0, 10, 'IN', 134, 1, NULL, 'Pembelian produk GOLDA CAPPUCCINO, jumlah 10 pcs, harga 2.500,di supplier AROMA pada tanggal 02-06-2024 20:49', '2024-06-02 13:49:35', '2024-06-02 13:49:35'),
	(159, 9, 0, 9, 'IN', 135, 1, NULL, 'Pembelian produk GOLDA DOLCE LATTE, jumlah 9 pcs, harga 2.500,di supplier AROMA pada tanggal 02-06-2024 20:50', '2024-06-02 13:50:11', '2024-06-02 13:50:11'),
	(160, 3, 0, 3, 'IN', 136, 2, NULL, 'Pembelian produk YAKULT, jumlah 3 pcs, harga 2.000,di supplier SALES KANVAS pada tanggal 02-06-2024 20:58', '2024-06-02 13:58:48', '2024-06-02 13:58:48'),
	(161, 3, 0, 3, 'IN', 137, 7, NULL, 'Pembelian produk TANGGO COKLAT POUCH 125GR, jumlah 3 pcs, harga 6.350,di supplier PAMELA pada tanggal 08-06-2024 17:40', '2024-06-08 10:40:25', '2024-06-08 10:40:25'),
	(162, 3, 0, 3, 'IN', 138, 7, NULL, 'Pembelian produk TANGGO VANILLA POUCH 125GR, jumlah 3 pcs, harga 6.350,di supplier PAMELA pada tanggal 08-06-2024 17:41', '2024-06-08 10:41:33', '2024-06-08 10:41:33'),
	(163, 5, 0, 5, 'IN', 139, 7, NULL, 'Pembelian produk OREO WAFER CHOCO VANILLA 117GR, jumlah 5 pcs, harga 5.600,di supplier PAMELA pada tanggal 08-06-2024 17:45', '2024-06-08 10:45:42', '2024-06-08 10:45:42'),
	(164, 6, 0, 6, 'IN', 140, 7, NULL, 'Pembelian produk ABC KACANG HIJAU 250ML, jumlah 6 pcs, harga 3.675,di supplier PAMELA pada tanggal 08-06-2024 17:48', '2024-06-08 10:48:10', '2024-06-08 10:48:10'),
	(165, 3, 0, 3, 'IN', 141, 7, NULL, 'Pembelian produk MR POTATO SEAWEED 80GR, jumlah 3 pcs, harga 11.750,di supplier PAMELA pada tanggal 08-06-2024 17:55', '2024-06-08 10:55:09', '2024-06-08 10:55:09'),
	(166, 4, 0, 4, 'IN', 142, 7, NULL, 'Pembelian produk MR POTATO ORIGINAL 80GR, jumlah 4 pcs, harga 11.750,di supplier PAMELA pada tanggal 08-06-2024 17:58', '2024-06-08 10:58:56', '2024-06-08 10:58:56'),
	(167, 3, 0, 3, 'IN', 143, 7, NULL, 'Pembelian produk MR POTATO ORIGINAL 80GR, jumlah 3 pcs, harga 11.750,di supplier PAMELA pada tanggal 08-06-2024 18:00', '2024-06-08 11:00:44', '2024-06-08 11:00:44'),
	(168, 3, 0, 3, 'IN', 144, 7, NULL, 'Pembelian produk MR POTATO SAPI PANGGANG 80GR, jumlah 3 pcs, harga 11.750,di supplier PAMELA pada tanggal 08-06-2024 18:01', '2024-06-08 11:01:26', '2024-06-08 11:01:26'),
	(169, 10, 0, 10, 'IN', 145, 7, NULL, 'Pembelian produk TISSUE GREEN POP UP 170GR, jumlah 10 pcs, harga 3.225,di supplier PAMELA pada tanggal 08-06-2024 18:05', '2024-06-08 11:05:14', '2024-06-08 11:05:14'),
	(170, 10, 0, 10, 'IN', 146, 7, NULL, 'Pembelian produk SELECTION KAPAS 35GR, jumlah 10 pcs, harga 5.850,di supplier PAMELA pada tanggal 08-06-2024 18:09', '2024-06-08 11:09:14', '2024-06-08 11:09:14'),
	(171, 10, 0, 10, 'IN', 147, 7, NULL, 'Pembelian produk ULTRA MILK MOKA 200ML, jumlah 10 pcs, harga 4.400,di supplier PAMELA pada tanggal 08-06-2024 18:12', '2024-06-08 11:12:39', '2024-06-08 11:12:39'),
	(172, 24, 0, 24, 'IN', 148, 7, NULL, 'Pembelian produk ULTRA MILK COKELAT 200ML, jumlah 24 pcs, harga 4.625,di supplier PAMELA pada tanggal 08-06-2024 18:17', '2024-06-08 11:17:56', '2024-06-08 11:17:56'),
	(173, 24, 0, 24, 'IN', 149, 7, NULL, 'Pembelian produk ULTRA MILK STROBERI 200ML, jumlah 24 pcs, harga 4.625,di supplier PAMELA pada tanggal 08-06-2024 18:18', '2024-06-08 11:18:43', '2024-06-08 11:18:43'),
	(174, 24, 0, 24, 'IN', 150, 7, NULL, 'Pembelian produk ULTRA MILK FULL CREAM 200ML, jumlah 24 pcs, harga 4.625,di supplier PAMELA pada tanggal 08-06-2024 18:19', '2024-06-08 11:19:17', '2024-06-08 11:19:17'),
	(175, 4, 0, 4, 'IN', 151, 7, NULL, 'Pembelian produk LASEGAR TWIST LEMON 320ML, jumlah 4 pcs, harga 4.700,di supplier PAMELA pada tanggal 08-06-2024 18:21', '2024-06-08 11:21:52', '2024-06-08 11:21:52'),
	(176, 3, 0, 3, 'IN', 152, 7, NULL, 'Pembelian produk LASEGAR TWIST JERUK 320ML, jumlah 3 pcs, harga 4.700,di supplier PAMELA pada tanggal 08-06-2024 18:22', '2024-06-08 11:22:21', '2024-06-08 11:22:21'),
	(177, 10, 0, 10, 'IN', 153, 7, NULL, 'Pembelian produk INDOFOOD SAMBAL PEDAS 135ML, jumlah 10 pcs, harga 6.250,di supplier PAMELA pada tanggal 08-06-2024 18:33', '2024-06-08 11:33:07', '2024-06-08 11:33:07'),
	(178, 3, 0, 3, 'IN', 154, 7, NULL, 'Pembelian produk INDOFOOD SAMBAL EXTRA PEDAS 135ML, jumlah 3 pcs, harga 6.250,di supplier PAMELA pada tanggal 08-06-2024 18:34', '2024-06-08 11:34:00', '2024-06-08 11:34:00'),
	(179, 4, 0, 4, 'IN', 155, 5, NULL, 'Pembelian produk CHITATO CHEESE 68GR, jumlah 4 pcs, harga 9.300,di supplier INDOGROSIR pada tanggal 08-06-2024 20:03', '2024-06-08 13:03:01', '2024-06-08 13:03:01'),
	(180, 4, 0, 4, 'IN', 156, 5, NULL, 'Pembelian produk CHITATO SAPI BMB BAKAR 68GR, jumlah 4 pcs, harga 9.300,di supplier INDOGROSIR pada tanggal 08-06-2024 20:04', '2024-06-08 13:04:07', '2024-06-08 13:04:07'),
	(181, 4, 0, 4, 'IN', 157, 5, NULL, 'Pembelian produk CHITATO SAPI PANGGANG 68GR, jumlah 4 pcs, harga 9.300,di supplier INDOGROSIR pada tanggal 08-06-2024 20:10', '2024-06-08 13:10:30', '2024-06-08 13:10:30'),
	(182, 4, 0, 4, 'IN', 158, 5, NULL, 'Pembelian produk JAPOTA BEEF BBQ 68GR, jumlah 4 pcs, harga 8.300,di supplier INDOGROSIR pada tanggal 08-06-2024 20:17', '2024-06-08 13:17:40', '2024-06-08 13:17:40'),
	(183, 4, 0, 4, 'IN', 159, 5, NULL, 'Pembelian produk JAPOTA  SEAWEED 65GR, jumlah 4 pcs, harga 8.300,di supplier INDOGROSIR pada tanggal 08-06-2024 20:18', '2024-06-08 13:18:42', '2024-06-08 13:18:42'),
	(184, 4, 0, 4, 'IN', 160, 5, NULL, 'Pembelian produk JAPOTA  HONEY BUTTER 65GR, jumlah 4 pcs, harga 8.300,di supplier INDOGROSIR pada tanggal 08-06-2024 20:20', '2024-06-08 13:20:13', '2024-06-08 13:20:13'),
	(185, 10, 0, 10, 'IN', 161, 5, NULL, 'Pembelian produk MONDE SERENA GOLD 60GR, jumlah 10 pcs, harga 3.700,di supplier INDOGROSIR pada tanggal 08-06-2024 20:21', '2024-06-08 13:21:32', '2024-06-08 13:21:32'),
	(186, 24, 0, 24, 'IN', 162, 5, NULL, 'Pembelian produk GOODTIME DC 65,5GR, jumlah 24 pcs, harga 1.650,di supplier INDOGROSIR pada tanggal 08-06-2024 20:36', '2024-06-08 13:36:38', '2024-06-08 13:36:38'),
	(187, 24, 0, 24, 'IN', 163, 5, NULL, 'Pembelian produk GOODTIME DCMINI 18GR, jumlah 24 pcs, harga 1.700,di supplier INDOGROSIR pada tanggal 08-06-2024 20:38', '2024-06-08 13:38:32', '2024-06-08 13:38:32'),
	(188, 24, 0, 24, 'IN', 164, 5, NULL, 'Pembelian produk NYAM NYAM FP, jumlah 24 pcs, harga 1.725,di supplier INDOGROSIR pada tanggal 08-06-2024 20:55', '2024-06-08 13:55:04', '2024-06-08 13:55:04'),
	(189, 20, 0, 20, 'IN', 165, 5, NULL, 'Pembelian produk BIHUNKU ASAM PEDAS, jumlah 20 pcs, harga 2.100,di supplier INDOGROSIR pada tanggal 08-06-2024 21:06', '2024-06-08 14:06:47', '2024-06-08 14:06:47'),
	(190, 20, 0, 20, 'IN', 166, 5, NULL, 'Pembelian produk BIHUNKU AYAM BAWANG 55GR, jumlah 20 pcs, harga 2.200,di supplier INDOGROSIR pada tanggal 08-06-2024 21:09', '2024-06-08 14:09:10', '2024-06-08 14:09:10'),
	(191, 19, 0, 19, 'IN', 167, 5, NULL, 'Pembelian produk BIHUNKU KARI LAKSA 55GR, jumlah 19 pcs, harga 2.900,di supplier INDOGROSIR pada tanggal 08-06-2024 21:12', '2024-06-08 14:12:11', '2024-06-08 14:12:11'),
	(192, 3, 0, 3, 'IN', 168, 5, NULL, 'Pembelian produk C/LANG KAYU PUTIH 30ML, jumlah 3 pcs, harga 9.500,di supplier INDOGROSIR pada tanggal 09-06-2024 17:04', '2024-06-09 10:04:29', '2024-06-09 10:04:29'),
	(193, 6, 0, 6, 'IN', 169, 5, NULL, 'Pembelian produk C/LANG KAYU PUTIH 15ML, jumlah 6 pcs, harga 6.300,di supplier INDOGROSIR pada tanggal 09-06-2024 17:06', '2024-06-09 10:06:21', '2024-06-09 10:06:21'),
	(194, 40, 0, 40, 'IN', 170, 5, NULL, 'Pembelian produk VITACIMIN 2S, jumlah 40 pcs, harga 1.600,di supplier INDOGROSIR pada tanggal 09-06-2024 17:16', '2024-06-09 10:16:39', '2024-06-09 10:16:39'),
	(195, 20, 0, 20, 'IN', 171, 5, NULL, 'Pembelian produk VITACIMIN ORANGE 2S, jumlah 20 pcs, harga 1.600,di supplier INDOGROSIR pada tanggal 09-06-2024 17:17', '2024-06-09 10:17:15', '2024-06-09 10:17:15'),
	(196, 20, 0, 20, 'IN', 172, 5, NULL, 'Pembelian produk GARUDA KCNG ATOM 33/35 GR, jumlah 20 pcs, harga 1.700,di supplier INDOGROSIR pada tanggal 09-06-2024 17:19', '2024-06-09 10:19:50', '2024-06-09 10:19:50'),
	(197, 12, 0, 12, 'IN', 173, 5, NULL, 'Pembelian produk MIE SUKSES 2 AYBWNG, jumlah 12 pcs, harga 3.200,di supplier INDOGROSIR pada tanggal 09-06-2024 17:22', '2024-06-09 10:22:09', '2024-06-09 10:22:09'),
	(198, 12, 0, 12, 'IN', 174, 5, NULL, 'Pembelian produk SUKSES ISI 2 AYBWNG, jumlah 12 pcs, harga 3.200,di supplier INDOGROSIR pada tanggal 09-06-2024 17:23', '2024-06-09 10:23:02', '2024-06-09 10:23:02'),
	(199, 12, 0, 12, 'IN', 175, 5, NULL, 'Pembelian produk SUKSES ISI 2 SOTOMIE, jumlah 12 pcs, harga 3.200,di supplier INDOGROSIR pada tanggal 09-06-2024 17:23', '2024-06-09 10:23:47', '2024-06-09 10:23:47'),
	(200, 3, 0, 3, 'IN', 176, 5, NULL, 'Pembelian produk SAORI SAUS TIRAM 113ML, jumlah 3 pcs, harga 10.600,di supplier INDOGROSIR pada tanggal 09-06-2024 17:25', '2024-06-09 10:25:54', '2024-06-09 10:25:54'),
	(201, 10, 0, 10, 'IN', 177, 5, NULL, 'Pembelian produk SAORI SAUS TIRAM 23ML, jumlah 10 pcs, harga 2.300,di supplier INDOGROSIR pada tanggal 09-06-2024 17:27', '2024-06-09 10:27:08', '2024-06-09 10:27:08'),
	(202, 4, 0, 4, 'IN', 178, 5, NULL, 'Pembelian produk ROSEBRANG TPNG BRS, jumlah 4 pcs, harga 2.800,di supplier INDOGROSIR pada tanggal 09-06-2024 17:52', '2024-06-09 10:52:20', '2024-06-09 10:52:20'),
	(203, 4, 0, 4, 'IN', 179, 5, NULL, 'Pembelian produk SEDAP MIE GRNG CUP, jumlah 4 pcs, harga 4.350,di supplier INDOGROSIR pada tanggal 09-06-2024 17:53', '2024-06-09 10:53:38', '2024-06-09 10:53:38'),
	(204, 4, 0, 4, 'IN', 180, 5, NULL, 'Pembelian produk SEDAP MIE SPICYSOUP, jumlah 4 pcs, harga 4.350,di supplier INDOGROSIR pada tanggal 09-06-2024 17:56', '2024-06-09 10:56:31', '2024-06-09 10:56:31'),
	(205, 4, 0, 4, 'IN', 181, 5, NULL, 'Pembelian produk SEDAP MIE SPICYCHKN, jumlah 4 pcs, harga 4.350,di supplier INDOGROSIR pada tanggal 09-06-2024 17:57', '2024-06-09 10:57:46', '2024-06-09 10:57:46'),
	(206, 4, 0, 4, 'IN', 182, 5, NULL, 'Pembelian produk SEDAP AYM NAMPOLCUP, jumlah 4 pcs, harga 4.350,di supplier INDOGROSIR pada tanggal 09-06-2024 17:58', '2024-06-09 10:58:41', '2024-06-09 10:58:41'),
	(207, 4, 0, 4, 'IN', 183, 5, NULL, 'Pembelian produk SEDAP MIE AY JRTCUP, jumlah 4 pcs, harga 4.350,di supplier INDOGROSIR pada tanggal 09-06-2024 17:59', '2024-06-09 10:59:54', '2024-06-09 10:59:54'),
	(208, 3, 0, 3, 'IN', 184, 5, NULL, 'Pembelian produk SEDAP SOTOCUP, jumlah 3 pcs, harga 4.100,di supplier INDOGROSIR pada tanggal 09-06-2024 18:01', '2024-06-09 11:01:01', '2024-06-09 11:01:01'),
	(209, 4, 0, 4, 'IN', 185, 5, NULL, 'Pembelian produk SEDAP BASOCUP, jumlah 4 pcs, harga 4.100,di supplier INDOGROSIR pada tanggal 09-06-2024 18:02', '2024-06-09 11:02:04', '2024-06-09 11:02:04'),
	(210, 4, 0, 4, 'IN', 186, 5, NULL, 'Pembelian produk SEDAP BSOBLDUKCUP, jumlah 4 pcs, harga 4.100,di supplier INDOGROSIR pada tanggal 09-06-2024 18:03', '2024-06-09 11:03:03', '2024-06-09 11:03:03'),
	(211, 36, 0, 36, 'IN', 187, 5, NULL, 'Pembelian produk SASA SNTANBBK, jumlah 36 pcs, harga 1.450,di supplier INDOGROSIR pada tanggal 09-06-2024 18:06', '2024-06-09 11:06:31', '2024-06-09 11:06:31'),
	(212, 78, 0, 78, 'IN', 188, 5, NULL, 'Pembelian produk SONICE SOSIS OTAK2, jumlah 78 pcs, harga 750,di supplier INDOGROSIR pada tanggal 09-06-2024 18:10', '2024-06-09 11:10:28', '2024-06-09 11:10:28'),
	(213, 12, 0, 12, 'IN', 189, 5, NULL, 'Pembelian produk LADAKU, jumlah 12 pcs, harga 825,di supplier INDOGROSIR pada tanggal 09-06-2024 18:12', '2024-06-09 11:12:19', '2024-06-09 11:12:19'),
	(214, 24, 0, 24, 'IN', 190, 5, NULL, 'Pembelian produk BONCB LV50, jumlah 24 pcs, harga 9.000,di supplier INDOGROSIR pada tanggal 09-06-2024 18:16', '2024-06-09 11:16:22', '2024-06-09 11:16:22'),
	(215, 16, 0, 16, 'IN', 191, 5, NULL, 'Pembelian produk BONCB LV30, jumlah 16 pcs, harga 950,di supplier INDOGROSIR pada tanggal 09-06-2024 18:17', '2024-06-09 11:17:21', '2024-06-09 11:17:21'),
	(216, 23, 0, 23, 'IN', 192, 5, NULL, 'Pembelian produk BONCB L10, jumlah 23 pcs, harga 950,di supplier INDOGROSIR pada tanggal 09-06-2024 18:18', '2024-06-09 11:18:02', '2024-06-09 11:18:02'),
	(217, 3, 0, 3, 'IN', 193, 5, NULL, 'Pembelian produk BONCB LV15, jumlah 3 pcs, harga 950,di supplier INDOGROSIR pada tanggal 09-06-2024 18:18', '2024-06-09 11:18:43', '2024-06-09 11:18:43'),
	(218, 3, 0, 3, 'IN', 194, 5, NULL, 'Pembelian produk INDFOOD RACIK SOTO AY, jumlah 3 pcs, harga 5.450,di supplier INDOGROSIR pada tanggal 09-06-2024 18:21', '2024-06-09 11:21:30', '2024-06-09 11:21:30'),
	(219, 3, 0, 3, 'IN', 195, 5, NULL, 'Pembelian produk INDFOOD RACIK KARE, jumlah 3 pcs, harga 5.450,di supplier INDOGROSIR pada tanggal 09-06-2024 18:22', '2024-06-09 11:22:19', '2024-06-09 11:22:19'),
	(220, 3, 0, 3, 'IN', 196, 5, NULL, 'Pembelian produk INDFOOD RACIK AY GRNG MNTG, jumlah 3 pcs, harga 5.450,di supplier INDOGROSIR pada tanggal 09-06-2024 18:23', '2024-06-09 11:23:18', '2024-06-09 11:23:18'),
	(221, 3, 0, 3, 'IN', 197, 5, NULL, 'Pembelian produk INDFOOD RACIK OPOR AY, jumlah 3 pcs, harga 5.450,di supplier INDOGROSIR pada tanggal 09-06-2024 18:23', '2024-06-09 11:23:54', '2024-06-09 11:23:54'),
	(222, 10, 0, 10, 'IN', 198, 5, NULL, 'Pembelian produk INDFOOD RACIK S SOP, jumlah 10 pcs, harga 1.650,di supplier INDOGROSIR pada tanggal 09-06-2024 18:25', '2024-06-09 11:25:00', '2024-06-09 11:25:00'),
	(223, 2, 0, 2, 'IN', 199, 5, NULL, 'Pembelian produk INDFOOD RACIK SEMUR, jumlah 2 pcs, harga 5.450,di supplier INDOGROSIR pada tanggal 09-06-2024 18:25', '2024-06-09 11:25:39', '2024-06-09 11:25:39'),
	(224, 2, 0, 2, 'IN', 200, 5, NULL, 'Pembelian produk INDFOOD RACIK RENDANG, jumlah 2 pcs, harga 5.450,di supplier INDOGROSIR pada tanggal 09-06-2024 18:26', '2024-06-09 11:26:09', '2024-06-09 11:26:09'),
	(225, 20, 0, 20, 'IN', 201, 5, NULL, 'Pembelian produk SEDAP MIE AYJERIT 77GR, jumlah 20 pcs, harga 2.725,di supplier INDOGROSIR pada tanggal 09-06-2024 18:28', '2024-06-09 11:28:41', '2024-06-09 11:28:41'),
	(226, 20, 0, 20, 'IN', 202, 5, NULL, 'Pembelian produk SEDAP MIE SPCSOUP 77GR, jumlah 20 pcs, harga 2.725,di supplier INDOGROSIR pada tanggal 09-06-2024 18:29', '2024-06-09 11:29:36', '2024-06-09 11:29:36'),
	(227, 22, 0, 22, 'IN', 203, 5, NULL, 'Pembelian produk SUKSES ISI 2 AYKREMES, jumlah 22 pcs, harga 3.500,di supplier INDOGROSIR pada tanggal 09-06-2024 18:30', '2024-06-09 11:30:42', '2024-06-09 11:30:42'),
	(228, 40, 0, 40, 'IN', 204, 5, NULL, 'Pembelian produk INDOMIE GORENG 85GR, jumlah 40 pcs, harga 2.700,di supplier INDOGROSIR pada tanggal 09-06-2024 18:33', '2024-06-09 11:33:30', '2024-06-09 11:33:30'),
	(229, 24, 0, 24, 'IN', 205, 5, NULL, 'Pembelian produk SUKSES ISI 2 AYKECAP, jumlah 24 pcs, harga 3.375,di supplier INDOGROSIR pada tanggal 09-06-2024 18:35', '2024-06-09 11:35:25', '2024-06-09 11:35:25'),
	(230, 24, 0, 32, 'IN', 132, 5, NULL, 'Pembelian produk MILKU COKELAT, jumlah 24 pcs, harga 3.375,di supplier INDOGROSIR pada tanggal 09-06-2024 18:36', '2024-06-09 11:36:31', '2024-06-09 11:36:31'),
	(231, 24, 0, 29, 'IN', 97, 5, NULL, 'Pembelian produk FLORIDINA CHOCO 350ML, jumlah 24 pcs, harga 2.600,di supplier INDOGROSIR pada tanggal 09-06-2024 18:38', '2024-06-09 11:38:55', '2024-06-09 11:38:55'),
	(232, 24, 0, 24, 'IN', 206, 5, NULL, 'Pembelian produk TEH BANDULAN MLT 160, jumlah 24 pcs, harga 850,di supplier INDOGROSIR pada tanggal 09-06-2024 18:41', '2024-06-09 11:41:15', '2024-06-09 11:41:15'),
	(233, 24, 0, 24, 'IN', 207, 5, NULL, 'Pembelian produk AIR MIN CLUB 330, jumlah 24 pcs, harga 1.400,di supplier INDOGROSIR pada tanggal 09-06-2024 18:43', '2024-06-09 11:43:25', '2024-06-09 11:43:25'),
	(234, 12, 0, 23, 'IN', 87, 5, NULL, 'Pembelian produk MIZONE LYCHEE LEMON, jumlah 12 pcs, harga 3.400,di supplier INDOGROSIR pada tanggal 09-06-2024 18:46', '2024-06-09 11:46:43', '2024-06-09 11:46:43'),
	(235, 24, 0, 24, 'IN', 208, 5, NULL, 'Pembelian produk MIZONE CRANBERRY, jumlah 24 pcs, harga 3.400,di supplier INDOGROSIR pada tanggal 09-06-2024 18:47', '2024-06-09 11:47:44', '2024-06-09 11:47:44'),
	(236, 24, 0, 35, 'IN', 90, 5, NULL, 'Pembelian produk FRUIT TEA BALCKCURRRANT 350ML, jumlah 24 pcs, harga 3.300,di supplier INDOGROSIR pada tanggal 09-06-2024 18:53', '2024-06-09 11:53:24', '2024-06-09 11:53:24'),
	(237, 24, 0, 24, 'IN', 209, 5, NULL, 'Pembelian produk TEH SOSRO ORI 350ML, jumlah 24 pcs, harga 3.300,di supplier INDOGROSIR pada tanggal 09-06-2024 18:54', '2024-06-09 11:54:35', '2024-06-09 11:54:35'),
	(238, 12, 0, 12, 'IN', 210, 5, NULL, 'Pembelian produk PEPSODENT WHITE 75G, jumlah 12 pcs, harga 4.400,di supplier INDOGROSIR pada tanggal 09-06-2024 18:56', '2024-06-09 11:56:18', '2024-06-09 11:56:18'),
	(239, 12, 0, 12, 'IN', 211, 5, NULL, 'Pembelian produk CIPTADENT COOL 75G, jumlah 12 pcs, harga 3.300,di supplier INDOGROSIR pada tanggal 09-06-2024 18:57', '2024-06-09 11:57:51', '2024-06-09 11:57:51'),
	(240, 12, 0, 12, 'IN', 212, 5, NULL, 'Pembelian produk CIPTADENT FRESH 75G, jumlah 12 pcs, harga 3.300,di supplier INDOGROSIR pada tanggal 09-06-2024 18:58', '2024-06-09 11:58:38', '2024-06-09 11:58:38'),
	(241, 3, 0, 3, 'IN', 213, 5, NULL, 'Pembelian produk DETTOL BW HONEY 370G, jumlah 3 pcs, harga 27.300,di supplier INDOGROSIR pada tanggal 09-06-2024 19:00', '2024-06-09 12:00:36', '2024-06-09 12:00:36'),
	(242, 3, 0, 3, 'IN', 214, 5, NULL, 'Pembelian produk DETTOL GREENTEA 370G, jumlah 3 pcs, harga 26.500,di supplier INDOGROSIR pada tanggal 09-06-2024 19:01', '2024-06-09 12:01:17', '2024-06-09 12:01:17'),
	(243, 3, 0, 3, 'IN', 215, 5, NULL, 'Pembelian produk BIORE ANTIBACTERIAL 100ML, jumlah 3 pcs, harga 10.900,di supplier INDOGROSIR pada tanggal 09-06-2024 19:04', '2024-06-09 12:04:05', '2024-06-09 12:04:05'),
	(244, 3, 0, 3, 'IN', 216, 5, NULL, 'Pembelian produk BIORE SCRUB 100ML, jumlah 3 pcs, harga 10.900,di supplier INDOGROSIR pada tanggal 09-06-2024 19:04', '2024-06-09 12:04:53', '2024-06-09 12:04:53'),
	(245, 3, 0, 3, 'IN', 217, 5, NULL, 'Pembelian produk BIORE PUREMILD 100ML, jumlah 3 pcs, harga 10.900,di supplier INDOGROSIR pada tanggal 09-06-2024 19:05', '2024-06-09 12:05:27', '2024-06-09 12:05:27'),
	(246, 3, 0, 3, 'IN', 218, 5, NULL, 'Pembelian produk LUX BLUE PEONY70, jumlah 3 pcs, harga 3.600,di supplier INDOGROSIR pada tanggal 09-06-2024 19:08', '2024-06-09 12:08:14', '2024-06-09 12:08:14'),
	(247, 3, 0, 3, 'IN', 219, 5, NULL, 'Pembelian produk LUX LILY FRESH70, jumlah 3 pcs, harga 3.600,di supplier INDOGROSIR pada tanggal 09-06-2024 19:08', '2024-06-09 12:08:52', '2024-06-09 12:08:52'),
	(248, 3, 0, 3, 'IN', 220, 5, NULL, 'Pembelian produk LUX CAMELLIA70, jumlah 3 pcs, harga 3.600,di supplier INDOGROSIR pada tanggal 09-06-2024 19:09', '2024-06-09 12:09:42', '2024-06-09 12:09:42'),
	(249, 3, 0, 3, 'IN', 221, 5, NULL, 'Pembelian produk LUX VELVET JASMINE70, jumlah 3 pcs, harga 3.600,di supplier INDOGROSIR pada tanggal 09-06-2024 19:10', '2024-06-09 12:10:23', '2024-06-09 12:10:23'),
	(250, 36, 0, 36, 'IN', 222, 5, NULL, 'Pembelian produk RINSO LIQ A/NODA 38ML, jumlah 36 pcs, harga 800,di supplier INDOGROSIR pada tanggal 09-06-2024 19:16', '2024-06-09 12:16:21', '2024-06-09 12:16:21'),
	(251, 36, 0, 36, 'IN', 223, 5, NULL, 'Pembelian produk RINSO LIQ ROYAL GOLD 38ML, jumlah 36 pcs, harga 800,di supplier INDOGROSIR pada tanggal 09-06-2024 19:17', '2024-06-09 12:17:24', '2024-06-09 12:17:24'),
	(252, 36, 0, 36, 'IN', 224, 5, NULL, 'Pembelian produk RINSO LIQ ESSENCE 38ML, jumlah 36 pcs, harga 800,di supplier INDOGROSIR pada tanggal 09-06-2024 19:18', '2024-06-09 12:18:07', '2024-06-09 12:18:07'),
	(253, 30, 0, 30, 'IN', 225, 5, NULL, 'Pembelian produk ROYALE HIJAB BLACKV 13ML, jumlah 30 pcs, harga 470,di supplier INDOGROSIR pada tanggal 09-06-2024 19:21', '2024-06-09 12:21:49', '2024-06-09 12:21:49'),
	(254, 30, 0, 30, 'IN', 226, 5, NULL, 'Pembelian produk ROYALE PURPLE DAWN  13ML, jumlah 30 pcs, harga 470,di supplier INDOGROSIR pada tanggal 09-06-2024 19:23', '2024-06-09 12:23:08', '2024-06-09 12:23:08'),
	(255, 3, 0, 3, 'IN', 227, 5, NULL, 'Pembelian produk BAYGON BKR MAX LAV, jumlah 3 pcs, harga 3.800,di supplier INDOGROSIR pada tanggal 09-06-2024 19:56', '2024-06-09 12:56:17', '2024-06-09 12:56:17'),
	(256, 4, 0, 4, 'IN', 228, 5, NULL, 'Pembelian produk NOMOS BKR JUMBO, jumlah 4 pcs, harga 3.800,di supplier INDOGROSIR pada tanggal 09-06-2024 19:58', '2024-06-09 12:58:02', '2024-06-09 12:58:02'),
	(257, 3, 0, 3, 'IN', 229, 5, NULL, 'Pembelian produk BAYGON BKR MAX JUMBO, jumlah 3 pcs, harga 3.700,di supplier INDOGROSIR pada tanggal 09-06-2024 20:01', '2024-06-09 13:01:16', '2024-06-09 13:01:16'),
	(258, 5, 0, 5, 'IN', 230, 5, NULL, 'Pembelian produk ROMA SARI GANDUM 149GR, jumlah 5 pcs, harga 6.400,di supplier INDOGROSIR pada tanggal 09-06-2024 20:23', '2024-06-09 13:23:36', '2024-06-09 13:23:36'),
	(259, 12, 0, 12, 'IN', 231, 5, NULL, 'Pembelian produk TASTY BAKMI AY GEPREK MTH, jumlah 12 pcs, harga 4.800,di supplier INDOGROSIR pada tanggal 09-06-2024 20:27', '2024-06-09 13:27:06', '2024-06-09 13:27:06'),
	(260, 12, 0, 12, 'IN', 232, 5, NULL, 'Pembelian produk TASTY BAKMI AYM, jumlah 12 pcs, harga 4.825,di supplier INDOGROSIR pada tanggal 09-06-2024 20:28', '2024-06-09 13:28:15', '2024-06-09 13:28:15'),
	(261, 10, 0, 10, 'IN', 233, 5, NULL, 'Pembelian produk SHINZUI MATSU 80G, jumlah 10 pcs, harga 4.350,di supplier INDOGROSIR pada tanggal 09-06-2024 20:33', '2024-06-09 13:33:24', '2024-06-09 13:33:24'),
	(262, 10, 0, 10, 'IN', 234, 5, NULL, 'Pembelian produk SHINZUI HANA 80G, jumlah 10 pcs, harga 4.350,di supplier INDOGROSIR pada tanggal 09-06-2024 20:33', '2024-06-09 13:33:59', '2024-06-09 13:33:59'),
	(263, 10, 0, 10, 'IN', 235, 5, NULL, 'Pembelian produk SHINZUI KIREI 80G, jumlah 10 pcs, harga 4.350,di supplier INDOGROSIR pada tanggal 09-06-2024 20:34', '2024-06-09 13:34:30', '2024-06-09 13:34:30'),
	(264, 20, 0, 20, 'IN', 236, 5, NULL, 'Pembelian produk SARIMI AY BWNG 75G, jumlah 20 pcs, harga 2.800,di supplier INDOGROSIR pada tanggal 09-06-2024 20:40', '2024-06-09 13:40:26', '2024-06-09 13:40:26'),
	(265, 20, 0, 20, 'IN', 237, 5, NULL, 'Pembelian produk SARIMI AY KREMES 70G, jumlah 20 pcs, harga 2.000,di supplier INDOGROSIR pada tanggal 09-06-2024 20:41', '2024-06-09 13:41:43', '2024-06-09 13:41:43'),
	(266, 20, 0, 20, 'IN', 238, 5, NULL, 'Pembelian produk SARIMI AY IGA SAPI 70G, jumlah 20 pcs, harga 2.000,di supplier INDOGROSIR pada tanggal 09-06-2024 20:42', '2024-06-09 13:42:19', '2024-06-09 13:42:19'),
	(267, 20, 0, 20, 'IN', 239, 5, NULL, 'Pembelian produk INDOMIE KARI AYAM 72G, jumlah 20 pcs, harga 2.900,di supplier INDOGROSIR pada tanggal 09-06-2024 20:47', '2024-06-09 13:47:04', '2024-06-09 13:47:04'),
	(268, 20, 0, 20, 'IN', 240, 5, NULL, 'Pembelian produk INDOMIE SOTOMIE 72G, jumlah 20 pcs, harga 2.750,di supplier INDOGROSIR pada tanggal 09-06-2024 20:48', '2024-06-09 13:48:00', '2024-06-09 13:48:00'),
	(269, 10, 0, 10, 'IN', 241, 5, NULL, 'Pembelian produk INDOMIE SEBLAK HOTJ 75G, jumlah 10 pcs, harga 2.800,di supplier INDOGROSIR pada tanggal 09-06-2024 20:49', '2024-06-09 13:49:34', '2024-06-09 13:49:34'),
	(270, 5, 0, 5, 'IN', 242, 5, NULL, 'Pembelian produk CHARM WING 10, jumlah 5 pcs, harga 8.100,di supplier INDOGROSIR pada tanggal 09-06-2024 21:26', '2024-06-09 14:26:23', '2024-06-09 14:26:23'),
	(271, 5, 0, 5, 'IN', 243, 5, NULL, 'Pembelian produk CHARM NONWING 10, jumlah 5 pcs, harga 5.500,di supplier INDOGROSIR pada tanggal 09-06-2024 21:27', '2024-06-09 14:27:19', '2024-06-09 14:27:19'),
	(272, 5, 0, 5, 'IN', 244, 5, NULL, 'Pembelian produk CHARM COOL.FRESH 8, jumlah 5 pcs, harga 7.600,di supplier INDOGROSIR pada tanggal 09-06-2024 21:28', '2024-06-09 14:28:36', '2024-06-09 14:28:36'),
	(273, 5, 0, 5, 'IN', 245, 5, NULL, 'Pembelian produk SOFTEX DS 8, jumlah 5 pcs, harga 4.800,di supplier INDOGROSIR pada tanggal 09-06-2024 21:30', '2024-06-09 14:30:41', '2024-06-09 14:30:41'),
	(274, 4, 0, 4, 'IN', 246, 5, NULL, 'Pembelian produk CIPTADENT SG EXTRCLEAN, jumlah 4 pcs, harga 2.800,di supplier INDOGROSIR pada tanggal 09-06-2024 21:38', '2024-06-09 14:38:39', '2024-06-09 14:38:39'),
	(275, 12, 0, 12, 'IN', 247, 5, NULL, 'Pembelian produk CIPTADENT SG CRYSTAL CLEAN, jumlah 12 pcs, harga 2.800,di supplier INDOGROSIR pada tanggal 09-06-2024 21:39', '2024-06-09 14:39:36', '2024-06-09 14:39:36'),
	(276, 3, 0, 3, 'IN', 248, 5, NULL, 'Pembelian produk HOME SARDINE 155G, jumlah 3 pcs, harga 6.600,di supplier INDOGROSIR pada tanggal 09-06-2024 21:43', '2024-06-09 14:43:08', '2024-06-09 14:43:08'),
	(277, 3, 0, 3, 'IN', 249, 5, NULL, 'Pembelian produk ASAHI SARDEN, jumlah 3 pcs, harga 7.500,di supplier INDOGROSIR pada tanggal 09-06-2024 21:44', '2024-06-09 14:44:19', '2024-06-09 14:44:19'),
	(278, 20, 0, 20, 'IN', 250, 5, NULL, 'Pembelian produk INDOMIE AYAM SPC 68G, jumlah 20 pcs, harga 2.750,di supplier INDOGROSIR pada tanggal 10-06-2024 14:19', '2024-06-10 07:19:50', '2024-06-10 07:19:50'),
	(279, 20, 0, 20, 'IN', 251, 5, NULL, 'Pembelian produk INDOMIE GORENG AYGPREK 85GR, jumlah 20 pcs, harga 2.800,di supplier INDOGROSIR pada tanggal 10-06-2024 14:22', '2024-06-10 07:22:08', '2024-06-10 07:22:08'),
	(280, 12, 0, 12, 'IN', 252, 6, NULL, 'Pembelian produk VIXAL 160ML, jumlah 12 pcs, harga 4.200,di supplier SINERGI pada tanggal 10-06-2024 16:44', '2024-06-10 09:44:37', '2024-06-10 09:44:37'),
	(281, 100, 0, 100, 'IN', 253, 6, NULL, 'Pembelian produk SOKLIN LNTAPPLE 25ML, jumlah 100 pcs, harga 425,di supplier SINERGI pada tanggal 10-06-2024 16:46', '2024-06-10 09:46:08', '2024-06-10 09:46:08'),
	(282, 50, 0, 50, 'IN', 254, 6, NULL, 'Pembelian produk WIPOL 36ML, jumlah 50 pcs, harga 850,di supplier SINERGI pada tanggal 10-06-2024 16:47', '2024-06-10 09:47:13', '2024-06-10 09:47:13'),
	(283, 8, 0, 8, 'IN', 255, 7, NULL, 'Pembelian produk TESSA FAC TISUE 50S, jumlah 8 pcs, harga 2.200,di supplier PAMELA pada tanggal 10-06-2024 16:55', '2024-06-10 09:55:08', '2024-06-10 09:55:08'),
	(284, 12, 0, 12, 'IN', 256, 7, NULL, 'Pembelian produk TESSA FAC TISUE 10S, jumlah 12 pcs, harga 1.100,di supplier PAMELA pada tanggal 10-06-2024 16:58', '2024-06-10 09:58:49', '2024-06-10 09:58:49'),
	(285, 10, 0, 10, 'IN', 257, 2, NULL, 'Pembelian produk NACHI 1/2X25 ISOLASI, jumlah 10 pcs, harga 1.100,di supplier SALES KANVAS pada tanggal 10-06-2024 17:05', '2024-06-10 10:05:01', '2024-06-10 10:05:01'),
	(286, 2, 0, 2, 'IN', 258, 9, NULL, 'Pembelian produk BP JOYKO QGEL0.5, jumlah 2 pcs, harga 3.500,di supplier MITRA pada tanggal 10-06-2024 17:08', '2024-06-10 10:08:29', '2024-06-10 10:08:29'),
	(287, 8, 0, 8, 'IN', 259, 7, NULL, 'Pembelian produk PASEO GO SMART 2/200S, jumlah 8 pcs, harga 7.800,di supplier PAMELA pada tanggal 10-06-2024 17:22', '2024-06-10 10:22:49', '2024-06-10 10:22:49'),
	(288, 5, 0, 5, 'IN', 260, 7, NULL, 'Pembelian produk TISSUE FC JOLLY 2/250S, jumlah 5 pcs, harga 7.350,di supplier PAMELA pada tanggal 10-06-2024 17:24', '2024-06-10 10:24:42', '2024-06-10 10:24:42'),
	(289, 10, 0, 10, 'IN', 261, 4, NULL, 'Pembelian produk GILLETTE B2 FLEXI, jumlah 10 pcs, harga 9.500,di supplier SALES KANVAS pada tanggal 10-06-2024 17:40', '2024-06-10 10:40:41', '2024-06-10 10:40:41'),
	(290, 5, 0, 5, 'IN', 262, 4, NULL, 'Pembelian produk GILLETTE BLUE II, jumlah 5 pcs, harga 8.500,di supplier SALES KANVAS pada tanggal 10-06-2024 17:43', '2024-06-10 10:43:57', '2024-06-10 10:43:57'),
	(291, 6, 0, 6, 'IN', 263, 4, NULL, 'Pembelian produk GILLETTE GOAL II, jumlah 6 pcs, harga 7.500,di supplier SALES KANVAS pada tanggal 10-06-2024 17:45', '2024-06-10 10:45:07', '2024-06-10 10:45:07'),
	(292, 20, 0, 20, 'IN', 264, 5, NULL, 'Pembelian produk SOFFELL JRSC11G, jumlah 20 pcs, harga 1.500,di supplier INDOGROSIR pada tanggal 10-06-2024 17:48', '2024-06-10 10:48:41', '2024-06-10 10:48:41'),
	(293, 16, 0, 16, 'IN', 265, 5, NULL, 'Pembelian produk SOFFELL GERSC11G, jumlah 16 pcs, harga 1.500,di supplier INDOGROSIR pada tanggal 10-06-2024 17:49', '2024-06-10 10:49:42', '2024-06-10 10:49:42'),
	(294, 55, 0, 55, 'IN', 266, 5, NULL, 'Pembelian produk SALONPAS HOT 2S, jumlah 55 pcs, harga 2.000,di supplier INDOGROSIR pada tanggal 10-06-2024 17:54', '2024-06-10 10:54:20', '2024-06-10 10:54:20'),
	(295, 35, 0, 35, 'IN', 267, 5, NULL, 'Pembelian produk SALONPAS 2S, jumlah 35 pcs, harga 2.000,di supplier INDOGROSIR pada tanggal 10-06-2024 17:55', '2024-06-10 10:55:58', '2024-06-10 10:55:58'),
	(296, 19, 0, 19, 'IN', 268, 5, NULL, 'Pembelian produk SALONPAS EXTHOT 2S, jumlah 19 pcs, harga 2.000,di supplier INDOGROSIR pada tanggal 10-06-2024 17:56', '2024-06-10 10:56:45', '2024-06-10 10:56:45'),
	(297, 6, 0, 6, 'IN', 269, 1, NULL, 'Pembelian produk DANCOW COKELAT SC38G, jumlah 6 pcs, harga 3.500,di supplier AROMA pada tanggal 12-06-2024 07:52', '2024-06-12 00:52:41', '2024-06-12 00:52:41'),
	(298, 9, 0, 9, 'IN', 270, 1, NULL, 'Pembelian produk DANCOW INSTANT SC38G, jumlah 9 pcs, harga 3.500,di supplier AROMA pada tanggal 12-06-2024 07:53', '2024-06-12 00:53:38', '2024-06-12 00:53:38'),
	(299, 15, 0, 15, 'IN', 271, 1, NULL, 'Pembelian produk GOOD DAY CAPPUCCINO GRAN 25G, jumlah 15 pcs, harga 2.100,di supplier AROMA pada tanggal 12-06-2024 07:54', '2024-06-12 00:54:50', '2024-06-12 00:54:50'),
	(300, 4, 0, 4, 'IN', 272, 1, NULL, 'Pembelian produk TORABIKA CAPPUCCINO SC25G, jumlah 4 pcs, harga 2.100,di supplier AROMA pada tanggal 12-06-2024 07:55', '2024-06-12 00:55:55', '2024-06-12 00:55:55'),
	(301, 24, 0, 24, 'IN', 273, 1, NULL, 'Pembelian produk KAPAL API SPMIX SC23GR, jumlah 24 pcs, harga 1.300,di supplier AROMA pada tanggal 12-06-2024 07:57', '2024-06-12 00:57:06', '2024-06-12 00:57:06'),
	(302, 12, 0, 12, 'IN', 274, 1, NULL, 'Pembelian produk OVALTINE SCBIG22GR, jumlah 12 pcs, harga 2.300,di supplier AROMA pada tanggal 12-06-2024 07:58', '2024-06-12 00:58:21', '2024-06-12 00:58:21'),
	(303, 14, 0, 14, 'IN', 275, 1, NULL, 'Pembelian produk INDOCAFE COFMIX20G, jumlah 14 pcs, harga 1.800,di supplier AROMA pada tanggal 12-06-2024 07:59', '2024-06-12 00:59:41', '2024-06-12 00:59:41'),
	(304, 18, 0, 18, 'IN', 276, 5, NULL, 'Pembelian produk CHARM 2SSFNIGHT350, jumlah 18 pcs, harga 3.800,di supplier INDOGROSIR pada tanggal 12-06-2024 08:05', '2024-06-12 01:05:31', '2024-06-12 01:05:31'),
	(305, 19, 0, 19, 'IN', 277, 1, NULL, 'Pembelian produk TOP CAPPUCCINO 25GR, jumlah 19 pcs, harga 2.100,di supplier AROMA pada tanggal 12-06-2024 08:06', '2024-06-12 01:06:35', '2024-06-12 01:06:35'),
	(306, 13, 0, 13, 'IN', 278, 1, NULL, 'Pembelian produk BENG BENG DRINK 30GR, jumlah 13 pcs, harga 2.200,di supplier AROMA pada tanggal 12-06-2024 08:09', '2024-06-12 01:09:19', '2024-06-12 01:09:19'),
	(307, 8, 0, 8, 'IN', 279, 1, NULL, 'Pembelian produk MAXTEA TARIK 25GR, jumlah 8 pcs, harga 2.200,di supplier AROMA pada tanggal 12-06-2024 08:10', '2024-06-12 01:10:52', '2024-06-12 01:10:52'),
	(308, 105, 0, 105, 'IN', 280, 6, NULL, 'Pembelian produk GOODDAY ORI SC20GR, jumlah 105 pcs, harga 1.200,di supplier SINERGI pada tanggal 12-06-2024 08:13', '2024-06-12 01:13:46', '2024-06-12 01:13:46'),
	(309, 95, 0, 95, 'IN', 281, 6, NULL, 'Pembelian produk GOODDAY COOLIN SC20GR, jumlah 95 pcs, harga 1.200,di supplier SINERGI pada tanggal 12-06-2024 08:14', '2024-06-12 01:14:39', '2024-06-12 01:14:39'),
	(310, 58, 0, 58, 'IN', 282, 6, NULL, 'Pembelian produk GOODDAY DUET SC22GR, jumlah 58 pcs, harga 1.200,di supplier SINERGI pada tanggal 12-06-2024 08:15', '2024-06-12 01:15:24', '2024-06-12 01:15:24'),
	(311, 67, 0, 67, 'IN', 283, 6, NULL, 'Pembelian produk GOODDAY VANILLALATTE SC20GR, jumlah 67 pcs, harga 1.200,di supplier SINERGI pada tanggal 12-06-2024 08:15', '2024-06-12 01:15:59', '2024-06-12 01:15:59'),
	(312, 35, 0, 35, 'IN', 284, 6, NULL, 'Pembelian produk GOODDAY MOCACINNO SC20GR, jumlah 35 pcs, harga 1.200,di supplier SINERGI pada tanggal 12-06-2024 08:16', '2024-06-12 01:16:37', '2024-06-12 01:16:37'),
	(313, 62, 0, 62, 'IN', 285, 6, NULL, 'Pembelian produk GOODDAY CHOCOCINNO SC20GR, jumlah 62 pcs, harga 1.200,di supplier SINERGI pada tanggal 12-06-2024 08:17', '2024-06-12 01:17:16', '2024-06-12 01:17:16'),
	(314, 22, 0, 22, 'IN', 286, 6, NULL, 'Pembelian produk GOODDAY CARREBIANNUT SC20GR, jumlah 22 pcs, harga 1.200,di supplier SINERGI pada tanggal 12-06-2024 08:17', '2024-06-12 01:17:58', '2024-06-12 01:17:58'),
	(315, 1, 0, 1, 'IN', 287, 1, NULL, 'Pembelian produk KAPAL API KOPSUS SC31GR, jumlah 1 pcs, harga 1.300,di supplier AROMA pada tanggal 12-06-2024 08:22', '2024-06-12 01:22:08', '2024-06-12 01:22:08'),
	(316, 14, 0, 14, 'IN', 288, 1, NULL, 'Pembelian produk KAPAL API GRANDE JVLT SC23G, jumlah 14 pcs, harga 1.200,di supplier AROMA pada tanggal 12-06-2024 08:24', '2024-06-12 01:24:17', '2024-06-12 01:24:17'),
	(317, 9, 0, 9, 'IN', 289, 1, NULL, 'Pembelian produk WHITE KOFFIE TARIKMAL SC25G, jumlah 9 pcs, harga 1.800,di supplier AROMA pada tanggal 12-06-2024 08:25', '2024-06-12 01:25:32', '2024-06-12 01:25:32'),
	(318, 19, 0, 19, 'IN', 290, 1, NULL, 'Pembelian produk WHITE KOFFIE ORI SC20G, jumlah 19 pcs, harga 1.350,di supplier AROMA pada tanggal 12-06-2024 08:26', '2024-06-12 01:26:34', '2024-06-12 01:26:34'),
	(319, 20, 0, 20, 'IN', 291, 1, NULL, 'Pembelian produk TORABIKA CREAMLATTE 25GR, jumlah 20 pcs, harga 1.250,di supplier AROMA pada tanggal 12-06-2024 08:27', '2024-06-12 01:27:46', '2024-06-12 01:27:46'),
	(320, 51, 0, 51, 'IN', 292, 6, NULL, 'Pembelian produk TORABIKA DUO 25GR, jumlah 51 pcs, harga 1.200,di supplier SINERGI pada tanggal 12-06-2024 08:28', '2024-06-12 01:28:38', '2024-06-12 01:28:38'),
	(321, 5, 0, 5, 'IN', 293, 1, NULL, 'Pembelian produk TORABIKA MOKA SC20GR, jumlah 5 pcs, harga 1.250,di supplier AROMA pada tanggal 12-06-2024 08:39', '2024-06-12 01:39:29', '2024-06-12 01:39:29'),
	(322, 5, 0, 5, 'IN', 294, 1, NULL, 'Pembelian produk TORACAFE CCLATTE 23,5GR, jumlah 5 pcs, harga 1.200,di supplier AROMA pada tanggal 12-06-2024 08:40', '2024-06-12 01:40:59', '2024-06-12 01:40:59'),
	(323, 4, 0, 4, 'IN', 295, 5, NULL, 'Pembelian produk SUPER BUBUR ABONSAPI 49G, jumlah 4 pcs, harga 3.000,di supplier INDOGROSIR pada tanggal 12-06-2024 17:00', '2024-06-12 10:00:46', '2024-06-12 10:00:46'),
	(324, 6, 0, 6, 'IN', 296, 5, NULL, 'Pembelian produk SUPER BUBUR SOTO 49G, jumlah 6 pcs, harga 3.000,di supplier INDOGROSIR pada tanggal 12-06-2024 17:01', '2024-06-12 10:01:29', '2024-06-12 10:01:29'),
	(325, 5, 0, 5, 'IN', 297, 5, NULL, 'Pembelian produk SUPER BUBUR KARI 49G, jumlah 5 pcs, harga 3.000,di supplier INDOGROSIR pada tanggal 12-06-2024 17:03', '2024-06-12 10:03:18', '2024-06-12 10:03:18'),
	(326, 3, 0, 3, 'IN', 298, 1, NULL, 'Pembelian produk KAPAL API SPECIAL 160G, jumlah 3 pcs, harga 13.800,di supplier AROMA pada tanggal 12-06-2024 17:04', '2024-06-12 10:04:57', '2024-06-12 10:04:57'),
	(327, 9, 0, 9, 'IN', 299, 1, NULL, 'Pembelian produk ANGET SARI SJ 25G, jumlah 9 pcs, harga 1.200,di supplier AROMA pada tanggal 12-06-2024 17:05', '2024-06-12 10:05:54', '2024-06-12 10:05:54'),
	(328, 11, 0, 11, 'IN', 300, 1, NULL, 'Pembelian produk SUSU JAHE INTRA 25G, jumlah 11 pcs, harga 1.300,di supplier AROMA pada tanggal 12-06-2024 17:07', '2024-06-12 10:07:15', '2024-06-12 10:07:15'),
	(329, 14, 0, 14, 'IN', 301, 1, NULL, 'Pembelian produk CHOCOLATOS 20G, jumlah 14 pcs, harga 1.700,di supplier AROMA pada tanggal 12-06-2024 17:09', '2024-06-12 10:09:22', '2024-06-12 10:09:22'),
	(330, 9, 0, 9, 'IN', 302, 1, NULL, 'Pembelian produk CHOCOLATOS MATCHA 20G, jumlah 9 pcs, harga 1.800,di supplier AROMA pada tanggal 12-06-2024 17:10', '2024-06-12 10:10:14', '2024-06-12 10:10:14'),
	(331, 34, 0, 34, 'IN', 303, 6, NULL, 'Pembelian produk CHOCODRINK 25G, jumlah 34 pcs, harga 1.200,di supplier SINERGI pada tanggal 12-06-2024 17:11', '2024-06-12 10:11:40', '2024-06-12 10:11:40'),
	(332, 7, 0, 7, 'IN', 304, 1, NULL, 'Pembelian produk MILO 3IN1 SC34G, jumlah 7 pcs, harga 3.500,di supplier AROMA pada tanggal 12-06-2024 17:14', '2024-06-12 10:14:03', '2024-06-12 10:14:03'),
	(333, 12, 0, 12, 'IN', 305, 1, NULL, 'Pembelian produk MILO ACTIVE SC22G, jumlah 12 pcs, harga 2.250,di supplier AROMA pada tanggal 12-06-2024 17:14', '2024-06-12 10:14:49', '2024-06-12 10:14:49'),
	(334, 4, 0, 4, 'IN', 306, 1, NULL, 'Pembelian produk ENERGEN VANILLA 30GR, jumlah 4 pcs, harga 1.700,di supplier AROMA pada tanggal 12-06-2024 17:16', '2024-06-12 10:16:01', '2024-06-12 10:16:01'),
	(335, 14, 0, 14, 'IN', 307, 1, NULL, 'Pembelian produk ENERGEN KURMA 30GR, jumlah 14 pcs, harga 2.100,di supplier AROMA pada tanggal 12-06-2024 17:16', '2024-06-12 10:16:34', '2024-06-12 10:16:34'),
	(336, 3, 0, 3, 'IN', 308, 1, NULL, 'Pembelian produk TORACAFE CARLATTE 23,5GR, jumlah 3 pcs, harga 1.300,di supplier AROMA pada tanggal 12-06-2024 17:17', '2024-06-12 10:17:34', '2024-06-12 10:17:34'),
	(337, 12, 0, 12, 'IN', 309, 1, NULL, 'Pembelian produk NESCAFE SC 10G, jumlah 12 pcs, harga 800,di supplier AROMA pada tanggal 12-06-2024 17:18', '2024-06-12 10:18:45', '2024-06-12 10:18:45'),
	(338, 17, 0, 17, 'IN', 310, 1, NULL, 'Pembelian produk TEH DANDANG SC 8S, jumlah 17 pcs, harga 1.800,di supplier AROMA pada tanggal 12-06-2024 17:19', '2024-06-12 10:19:28', '2024-06-12 10:19:28'),
	(339, 28, 0, 28, 'IN', 311, 1, NULL, 'Pembelian produk SARIWANGI SC 4S, jumlah 28 pcs, harga 800,di supplier AROMA pada tanggal 12-06-2024 17:20', '2024-06-12 10:20:34', '2024-06-12 10:20:34'),
	(340, 2, 0, 2, 'IN', 312, 1, NULL, 'Pembelian produk FRISIAN FLAG KM38GR, jumlah 2 pcs, harga 1.300,di supplier AROMA pada tanggal 12-06-2024 17:21', '2024-06-12 10:21:42', '2024-06-12 10:21:42'),
	(341, 25, 0, 25, 'IN', 313, 1, NULL, 'Pembelian produk KECAP BANGO P59ML, jumlah 25 pcs, harga 2.500,di supplier AROMA pada tanggal 12-06-2024 17:23', '2024-06-12 10:23:04', '2024-06-12 10:23:04'),
	(342, 4, 0, 4, 'IN', 314, 5, NULL, 'Pembelian produk CHARM EXMAXI WING 2S, jumlah 4 pcs, harga 2.400,di supplier INDOGROSIR pada tanggal 12-06-2024 17:26', '2024-06-12 10:26:01', '2024-06-12 10:26:01'),
	(343, 12, 0, 12, 'IN', 315, 1, NULL, 'Pembelian produk TOP AVOCADO COFFEE SC22GR, jumlah 12 pcs, harga 1.200,di supplier AROMA pada tanggal 12-06-2024 17:36', '2024-06-12 10:36:13', '2024-06-12 10:36:13'),
	(344, 4, 0, 4, 'IN', 316, 1, NULL, 'Pembelian produk ABC EXTREME PEDAS POUCH 75G, jumlah 4 pcs, harga 3.800,di supplier AROMA pada tanggal 12-06-2024 17:44', '2024-06-12 10:44:09', '2024-06-12 10:44:09'),
	(345, 1, 0, 1, 'IN', 317, 1, NULL, 'Pembelian produk ABC SAMBAL ASLI POUCH 75G, jumlah 1 pcs, harga 2.900,di supplier AROMA pada tanggal 12-06-2024 17:45', '2024-06-12 10:45:53', '2024-06-12 10:45:53'),
	(346, 12, 0, 12, 'IN', 318, 4, NULL, 'Pembelian produk GAGA MIE GORENG ORI, jumlah 12 pcs, harga 2.900,di supplier SALES KANVAS pada tanggal 12-06-2024 17:47', '2024-06-12 10:47:39', '2024-06-12 10:47:39'),
	(347, 2, 0, 2, 'IN', 319, 4, NULL, 'Pembelian produk GAGA MIE EXTRA PDS SOTO, jumlah 2 pcs, harga 2.900,di supplier SALES KANVAS pada tanggal 12-06-2024 17:48', '2024-06-12 10:48:48', '2024-06-12 10:48:48'),
	(348, 2, 0, 2, 'IN', 320, 1, NULL, 'Pembelian produk SUN KARA POUCH 65ML, jumlah 2 pcs, harga 3.300,di supplier AROMA pada tanggal 12-06-2024 17:51', '2024-06-12 10:51:07', '2024-06-12 10:51:07'),
	(349, 20, 0, 20, 'IN', 321, 5, NULL, 'Pembelian produk SUPERMI KALDU AYAM 70G, jumlah 20 pcs, harga 1.900,di supplier INDOGROSIR pada tanggal 12-06-2024 17:53', '2024-06-12 10:53:09', '2024-06-12 10:53:09'),
	(350, 12, 0, 12, 'IN', 322, 1, NULL, 'Pembelian produk SEDAP MIE GORENG 90G, jumlah 12 pcs, harga 2.900,di supplier AROMA pada tanggal 12-06-2024 17:54', '2024-06-12 10:54:49', '2024-06-12 10:54:49'),
	(351, 19, 0, 19, 'IN', 323, 5, NULL, 'Pembelian produk SEDAP MIE WHITECURRY 81GR, jumlah 19 pcs, harga 2.900,di supplier INDOGROSIR pada tanggal 12-06-2024 17:56', '2024-06-12 10:56:02', '2024-06-12 10:56:02'),
	(352, 19, 0, 19, 'IN', 324, 5, NULL, 'Pembelian produk SEDAP MIE AY SPECIAL 69GR, jumlah 19 pcs, harga 2.900,di supplier INDOGROSIR pada tanggal 12-06-2024 17:56', '2024-06-12 10:56:51', '2024-06-12 10:56:51'),
	(353, 10, 0, 10, 'IN', 325, 5, NULL, 'Pembelian produk SEDAP MIE KOREAN SPICY 87GR, jumlah 10 pcs, harga 2.900,di supplier INDOGROSIR pada tanggal 12-06-2024 17:57', '2024-06-12 10:57:53', '2024-06-12 10:57:53'),
	(354, 2, 0, 2, 'IN', 326, 2, NULL, 'Pembelian produk ABC MIE SELERA PEDAS 80GR, jumlah 2 pcs, harga 2.800,di supplier SALES KANVAS pada tanggal 12-06-2024 17:59', '2024-06-12 10:59:18', '2024-06-12 10:59:18'),
	(355, 10, 0, 10, 'IN', 327, 5, NULL, 'Pembelian produk SEDAP MIE BASOSPECIAL 77GR, jumlah 10 pcs, harga 2.800,di supplier INDOGROSIR pada tanggal 12-06-2024 18:00', '2024-06-12 11:00:22', '2024-06-12 11:00:22'),
	(356, 20, 0, 20, 'IN', 328, 5, NULL, 'Pembelian produk SEDAP MIE KC BULDAK 86GR, jumlah 20 pcs, harga 2.900,di supplier INDOGROSIR pada tanggal 12-06-2024 18:01', '2024-06-12 11:01:21', '2024-06-12 11:01:21'),
	(357, 17, 0, 17, 'IN', 329, 5, NULL, 'Pembelian produk SEDAP MIE SOTO 75GR, jumlah 17 pcs, harga 2.900,di supplier INDOGROSIR pada tanggal 12-06-2024 18:02', '2024-06-12 11:02:35', '2024-06-12 11:02:35'),
	(358, 14, 0, 14, 'IN', 330, 5, NULL, 'Pembelian produk SEDAP MIE AY KRISPI  81GR, jumlah 14 pcs, harga 2.900,di supplier INDOGROSIR pada tanggal 12-06-2024 18:03', '2024-06-12 11:03:32', '2024-06-12 11:03:32'),
	(359, 11, 0, 11, 'IN', 331, 5, NULL, 'Pembelian produk SEDAP MIE KARI AYAM 72GR, jumlah 11 pcs, harga 2.900,di supplier INDOGROSIR pada tanggal 12-06-2024 18:04', '2024-06-12 11:04:16', '2024-06-12 11:04:16'),
	(360, 12, 0, 12, 'IN', 332, 5, NULL, 'Pembelian produk SEDAP MIE AYAM JERIT 77GR, jumlah 12 pcs, harga 2.900,di supplier INDOGROSIR pada tanggal 12-06-2024 18:05', '2024-06-12 11:05:28', '2024-06-12 11:05:28'),
	(361, 16, 0, 16, 'IN', 333, 5, NULL, 'Pembelian produk SEDAP MIE AYBAWANG 70GR, jumlah 16 pcs, harga 2.900,di supplier INDOGROSIR pada tanggal 12-06-2024 18:06', '2024-06-12 11:06:12', '2024-06-12 11:06:12'),
	(362, 18, 0, 18, 'IN', 334, 5, NULL, 'Pembelian produk SEDAP MIE SINGAPORE LAKSA 83GR, jumlah 18 pcs, harga 2.900,di supplier INDOGROSIR pada tanggal 12-06-2024 18:07', '2024-06-12 11:07:37', '2024-06-12 11:07:37'),
	(363, 31, 0, 31, 'IN', 335, 5, NULL, 'Pembelian produk SEDAP MIE KOREAN SOUP 77GR, jumlah 31 pcs, harga 2.900,di supplier INDOGROSIR pada tanggal 12-06-2024 18:08', '2024-06-12 11:08:27', '2024-06-12 11:08:27'),
	(364, 12, 0, 12, 'IN', 336, 5, NULL, 'Pembelian produk MAIZENA NUTRISEDAP 20G, jumlah 12 pcs, harga 750,di supplier INDOGROSIR pada tanggal 12-06-2024 18:16', '2024-06-12 11:16:11', '2024-06-12 11:16:11'),
	(365, 30, 0, 30, 'IN', 337, 5, NULL, 'Pembelian produk GARAM LARIST 200GR, jumlah 30 pcs, harga 1.800,di supplier INDOGROSIR pada tanggal 12-06-2024 18:20', '2024-06-12 11:20:24', '2024-06-12 11:20:24'),
	(366, 11, 0, 11, 'IN', 338, 1, NULL, 'Pembelian produk ADEMSARI SC7GR, jumlah 11 pcs, harga 1.900,di supplier AROMA pada tanggal 12-06-2024 18:22', '2024-06-12 11:22:18', '2024-06-12 11:22:18');

-- Dumping structure for table laravel.jurnal_akun
DROP TABLE IF EXISTS `jurnal_akun`;
CREATE TABLE IF NOT EXISTS `jurnal_akun` (
  `id` bigint unsigned NOT NULL AUTO_INCREMENT,
  `kode` varchar(255) COLLATE utf8mb4_unicode_ci DEFAULT NULL,
  `akun` varchar(255) COLLATE utf8mb4_unicode_ci DEFAULT NULL,
  `saldo_normal` enum('DEBIT','KREDIT') COLLATE utf8mb4_unicode_ci DEFAULT NULL,
  `laporan` int DEFAULT NULL,
  `kategori_id` bigint unsigned NOT NULL,
  `created_at` timestamp NULL DEFAULT NULL,
  `updated_at` timestamp NULL DEFAULT NULL,
  PRIMARY KEY (`id`),
  KEY `jurnal_akun_kategori_id_foreign` (`kategori_id`),
  CONSTRAINT `jurnal_akun_kategori_id_foreign` FOREIGN KEY (`kategori_id`) REFERENCES `jurnal_kategori` (`id`) ON DELETE CASCADE
) ENGINE=InnoDB AUTO_INCREMENT=12 DEFAULT CHARSET=utf8mb4 COLLATE=utf8mb4_unicode_ci;

-- Dumping data for table laravel.jurnal_akun: ~11 rows (approximately)
INSERT INTO `jurnal_akun` (`id`, `kode`, `akun`, `saldo_normal`, `laporan`, `kategori_id`, `created_at`, `updated_at`) VALUES
	(1, '1', 'Kas', 'DEBIT', NULL, 1, '2024-05-23 09:23:03', '2024-05-23 09:23:03'),
	(2, '2', 'Pembelian Persediaan (Stok)', 'DEBIT', NULL, 1, '2024-05-23 09:23:03', '2024-05-23 09:23:03'),
	(3, '2', 'Piutang', 'DEBIT', NULL, 1, '2024-05-23 09:23:03', '2024-05-23 09:23:03'),
	(4, '2', 'Peralatan/Perlengkapan', 'DEBIT', NULL, 2, '2024-05-23 09:23:03', '2024-05-23 09:23:03'),
	(5, '2', 'Utang Dagang', 'KREDIT', NULL, 3, '2024-05-23 09:23:03', '2024-05-23 09:23:03'),
	(6, '2', 'Modal Usaha', 'KREDIT', NULL, 4, '2024-05-23 09:23:03', '2024-05-23 09:23:03'),
	(7, '2', 'Pendapatan Penjualan', 'KREDIT', NULL, 5, '2024-05-23 09:23:03', '2024-05-23 09:23:03'),
	(8, '2', 'Biaya Administrasi', 'DEBIT', NULL, 6, '2024-05-23 09:23:03', '2024-05-23 09:23:03'),
	(9, '2', 'Biaya Listrik', 'DEBIT', NULL, 6, '2024-05-23 09:23:03', '2024-05-23 09:23:03'),
	(10, '2', 'Biaya Transportasi', 'DEBIT', NULL, 6, '2024-05-23 09:23:03', '2024-05-23 09:23:03'),
	(11, '2', 'Biaya Wifi', 'DEBIT', NULL, 6, '2024-05-23 09:23:03', '2024-05-23 09:23:03');

-- Dumping structure for table laravel.jurnal_kategori
DROP TABLE IF EXISTS `jurnal_kategori`;
CREATE TABLE IF NOT EXISTS `jurnal_kategori` (
  `id` bigint unsigned NOT NULL AUTO_INCREMENT,
  `kode` varchar(255) COLLATE utf8mb4_unicode_ci DEFAULT NULL,
  `kategori` varchar(255) COLLATE utf8mb4_unicode_ci DEFAULT NULL,
  `deskripsi` varchar(255) COLLATE utf8mb4_unicode_ci DEFAULT NULL,
  `created_at` timestamp NULL DEFAULT NULL,
  `updated_at` timestamp NULL DEFAULT NULL,
  PRIMARY KEY (`id`)
) ENGINE=InnoDB AUTO_INCREMENT=7 DEFAULT CHARSET=utf8mb4 COLLATE=utf8mb4_unicode_ci;

-- Dumping data for table laravel.jurnal_kategori: ~6 rows (approximately)
INSERT INTO `jurnal_kategori` (`id`, `kode`, `kategori`, `deskripsi`, `created_at`, `updated_at`) VALUES
	(1, '11', 'Aset Lancar', 'Debit', '2024-05-23 09:23:03', '2024-05-23 09:23:03'),
	(2, '12', 'Aset Tetap', 'Debit', '2024-05-23 09:23:03', '2024-05-23 09:23:03'),
	(3, '21', 'Liabilitas', 'Kredit', '2024-05-23 09:23:03', '2024-05-23 09:23:03'),
	(4, '31', 'Ekuitas', 'Kredit', '2024-05-23 09:23:03', '2024-05-23 09:23:03'),
	(5, '41', 'Pendapatan', 'Kredit', '2024-05-23 09:23:03', '2024-05-23 09:23:03'),
	(6, '51', 'Biaya', 'Debit', '2024-05-23 09:23:03', '2024-05-23 09:23:03');

-- Dumping structure for table laravel.jurnal_umum
DROP TABLE IF EXISTS `jurnal_umum`;
CREATE TABLE IF NOT EXISTS `jurnal_umum` (
  `id` bigint unsigned NOT NULL AUTO_INCREMENT,
  `tanggal` date DEFAULT NULL,
  `keterangan` varchar(255) COLLATE utf8mb4_unicode_ci DEFAULT NULL,
  `debit` int DEFAULT '0',
  `kredit` int DEFAULT '0',
  `akun_id` bigint unsigned NOT NULL,
  `created_at` timestamp NULL DEFAULT NULL,
  `updated_at` timestamp NULL DEFAULT NULL,
  PRIMARY KEY (`id`),
  KEY `jurnal_umum_akun_id_foreign` (`akun_id`),
  CONSTRAINT `jurnal_umum_akun_id_foreign` FOREIGN KEY (`akun_id`) REFERENCES `jurnal_akun` (`id`) ON DELETE CASCADE
) ENGINE=InnoDB DEFAULT CHARSET=utf8mb4 COLLATE=utf8mb4_unicode_ci;

-- Dumping data for table laravel.jurnal_umum: ~0 rows (approximately)

-- Dumping structure for table laravel.metode_pembayaran
DROP TABLE IF EXISTS `metode_pembayaran`;
CREATE TABLE IF NOT EXISTS `metode_pembayaran` (
  `id` bigint unsigned NOT NULL AUTO_INCREMENT,
  `metode` varchar(255) COLLATE utf8mb4_unicode_ci DEFAULT NULL,
  `is_active` enum('Y','N') COLLATE utf8mb4_unicode_ci DEFAULT 'Y',
  `potongan` double DEFAULT NULL,
  `created_at` timestamp NULL DEFAULT NULL,
  `updated_at` timestamp NULL DEFAULT NULL,
  PRIMARY KEY (`id`)
) ENGINE=InnoDB AUTO_INCREMENT=3 DEFAULT CHARSET=utf8mb4 COLLATE=utf8mb4_unicode_ci;

-- Dumping data for table laravel.metode_pembayaran: ~2 rows (approximately)
INSERT INTO `metode_pembayaran` (`id`, `metode`, `is_active`, `potongan`, `created_at`, `updated_at`) VALUES
	(1, 'Cash', 'Y', 0, '2024-05-23 09:23:03', '2024-05-23 09:23:03'),
	(2, 'QRIS', 'Y', 0.3, '2024-05-23 09:23:03', '2024-05-23 09:23:03');

-- Dumping structure for table laravel.migrations
DROP TABLE IF EXISTS `migrations`;
CREATE TABLE IF NOT EXISTS `migrations` (
  `id` int unsigned NOT NULL AUTO_INCREMENT,
  `migration` varchar(255) COLLATE utf8mb4_unicode_ci NOT NULL,
  `batch` int NOT NULL,
  PRIMARY KEY (`id`)
) ENGINE=InnoDB AUTO_INCREMENT=20 DEFAULT CHARSET=utf8mb4 COLLATE=utf8mb4_unicode_ci;

-- Dumping data for table laravel.migrations: ~0 rows (approximately)
INSERT INTO `migrations` (`id`, `migration`, `batch`) VALUES
	(1, '2019_12_14_000001_create_personal_access_tokens_table', 1),
	(2, '2023_05_03_153523_create_user_role_table', 1),
	(3, '2023_05_04_100816_create_user_table', 1),
	(4, '2023_05_04_230152_create_produk_kategori_table', 1),
	(5, '2023_05_04_230539_create_produk_table', 1),
	(6, '2023_05_05_002328_create_supplier_table', 1),
	(7, '2023_11_19_225119_create_supplier_produk_table', 1),
	(8, '2023_11_25_010258_create_metode_pembayaran_table', 1),
	(9, '2023_11_25_010259_create_produk_inventori_table', 1),
	(10, '2023_12_15_141323_create_transaksi_table', 1),
	(11, '2023_12_15_150304_create_transaksi_produk_table', 1),
	(12, '2023_12_15_150305_create_transaksi_produk_temp_table', 1),
	(13, '2024_01_01_073343_create_produk_supplier_history_table', 1),
	(14, '2024_01_01_075758_create_inventori_table', 1),
	(15, '2024_01_12_062921_create_transaksi_inventori_table', 1),
	(16, '2024_02_22_205839_create_jurnal_kategori_table', 1),
	(17, '2024_02_23_010650_create_jurnal_akun_table', 1),
	(18, '2024_05_02_214510_create_jurnal_umum_tabel', 1),
	(19, '2024_05_23_095647_create_saldo_belanja_table', 1);

-- Dumping structure for table laravel.personal_access_tokens
DROP TABLE IF EXISTS `personal_access_tokens`;
CREATE TABLE IF NOT EXISTS `personal_access_tokens` (
  `id` bigint unsigned NOT NULL AUTO_INCREMENT,
  `tokenable_type` varchar(255) COLLATE utf8mb4_unicode_ci NOT NULL,
  `tokenable_id` bigint unsigned NOT NULL,
  `name` varchar(255) COLLATE utf8mb4_unicode_ci NOT NULL,
  `token` varchar(64) COLLATE utf8mb4_unicode_ci NOT NULL,
  `abilities` text COLLATE utf8mb4_unicode_ci,
  `last_used_at` timestamp NULL DEFAULT NULL,
  `expires_at` timestamp NULL DEFAULT NULL,
  `created_at` timestamp NULL DEFAULT NULL,
  `updated_at` timestamp NULL DEFAULT NULL,
  PRIMARY KEY (`id`),
  UNIQUE KEY `personal_access_tokens_token_unique` (`token`),
  KEY `personal_access_tokens_tokenable_type_tokenable_id_index` (`tokenable_type`,`tokenable_id`)
) ENGINE=InnoDB DEFAULT CHARSET=utf8mb4 COLLATE=utf8mb4_unicode_ci;

-- Dumping data for table laravel.personal_access_tokens: ~0 rows (approximately)

-- Dumping structure for table laravel.produk
DROP TABLE IF EXISTS `produk`;
CREATE TABLE IF NOT EXISTS `produk` (
  `id` bigint unsigned NOT NULL AUTO_INCREMENT,
  `nama_produk` char(50) COLLATE utf8mb4_unicode_ci NOT NULL,
  `barcode` char(50) COLLATE utf8mb4_unicode_ci DEFAULT NULL,
  `harga_jual` int DEFAULT '0',
  `jumlah_stok` int DEFAULT '0',
  `is_active` enum('Y','N') COLLATE utf8mb4_unicode_ci DEFAULT 'Y',
  `kategori_id` bigint unsigned NOT NULL,
  `created_at` timestamp NULL DEFAULT NULL,
  `updated_at` timestamp NULL DEFAULT NULL,
  PRIMARY KEY (`id`),
  KEY `produk_kategori_id_foreign` (`kategori_id`),
  CONSTRAINT `produk_kategori_id_foreign` FOREIGN KEY (`kategori_id`) REFERENCES `produk_kategori` (`id`) ON DELETE CASCADE
) ENGINE=InnoDB AUTO_INCREMENT=339 DEFAULT CHARSET=utf8mb4 COLLATE=utf8mb4_unicode_ci;

-- Dumping data for table laravel.produk: ~338 rows (approximately)
INSERT INTO `produk` (`id`, `nama_produk`, `barcode`, `harga_jual`, `jumlah_stok`, `is_active`, `kategori_id`, `created_at`, `updated_at`) VALUES
	(1, 'SURYA 12', '8998989110129', 25500, 0, 'Y', 3, '2024-05-30 14:27:17', '2024-06-02 04:07:52'),
	(2, 'GG INTERNATONAL 12', '8998989100120', 25500, 8, 'Y', 3, '2024-05-30 14:30:43', '2024-06-02 09:43:40'),
	(3, 'GG SIGNATURE 12', '8998989300155', 24500, 5, 'Y', 3, '2024-05-30 14:35:43', '2024-05-30 15:10:56'),
	(4, 'GG MERAH 12', '8998989500128', 16000, 4, 'Y', 3, '2024-05-30 14:40:42', '2024-05-30 14:40:42'),
	(5, 'SAMPOERNA MILD 16', '8999909096004', 33500, 2, 'Y', 3, '2024-05-30 14:43:44', '2024-05-30 14:43:44'),
	(6, 'SAMPOERNA SPLASH PURPLE 16', '8999909011083', 29500, 1, 'Y', 3, '2024-05-30 14:45:46', '2024-05-30 14:45:46'),
	(7, 'SAMPOERNA MILD 12', '8999909982000', 25500, 3, 'Y', 3, '2024-05-30 14:47:14', '2024-05-30 14:47:14'),
	(8, 'SAMP. SPLASH TROPICAL 12', '8999909003910', 22000, 2, 'Y', 3, '2024-05-30 14:56:30', '2024-05-30 14:56:30'),
	(9, 'SAMPOERNA PRIMA 12', '8999909012547', 16000, 3, 'Y', 3, '2024-05-30 15:04:39', '2024-05-30 15:04:39'),
	(10, 'SAMPOERNA KRETEK 12', '8999909000988', 16000, 2, 'Y', 3, '2024-05-30 15:09:00', '2024-05-30 15:09:00'),
	(11, 'DJARUM 76 MANGGA', '8991906101811', 15000, 4, 'Y', 3, '2024-05-30 15:13:27', '2024-05-30 15:13:27'),
	(12, 'DJARUM 76', '8991906101668', 16500, 3, 'Y', 3, '2024-05-30 15:25:09', '2024-05-30 15:25:09'),
	(13, 'DJARUM 76 EXTRA 12', '8991906101712', 15000, 3, 'Y', 3, '2024-05-30 15:27:12', '2024-05-30 15:27:12'),
	(14, 'DJARUM SUPER 12', '8991906101019', 25500, 1, 'Y', 3, '2024-05-30 15:29:56', '2024-05-30 15:33:15'),
	(15, 'DJARUM MLD 16', '8991906109992', 31000, 1, 'Y', 3, '2024-05-30 15:31:08', '2024-05-30 15:31:08'),
	(16, 'HARMONI 16', '8997220470121', 12500, 11, 'Y', 3, '2024-05-30 15:32:47', '2024-05-30 15:32:47'),
	(17, 'GAJAH BARU 12', '8997018320683', 18500, 10, 'Y', 3, '2024-05-30 15:35:21', '2024-05-30 15:35:21'),
	(18, 'DIPLOMAT MENTHOL 16', '8994214945573', 24000, 3, 'Y', 3, '2024-05-30 15:38:58', '2024-05-30 15:38:58'),
	(19, 'DIPLOMAT MILD 16', '8994214984947', 24000, 2, 'Y', 3, '2024-05-30 15:39:34', '2024-05-30 15:39:34'),
	(20, 'DIPLOMAT EVO 12', '8994214995530', 17000, 3, 'Y', 3, '2024-05-30 15:40:19', '2024-05-30 15:40:19'),
	(21, 'ARES MIND 12', '8997207190042', 17000, 1, 'Y', 3, '2024-05-30 15:46:05', '2024-05-30 15:46:05'),
	(22, 'ARES BOLD 12', '8997207190134', 15000, 2, 'Y', 3, '2024-05-30 15:50:18', '2024-05-30 15:50:18'),
	(23, 'ANDALAN 12', '8997033340239', 16000, 3, 'Y', 3, '2024-05-30 15:51:32', '2024-05-30 15:51:32'),
	(24, 'SERGIO 20', '8991911101042', 25000, 2, 'Y', 3, '2024-05-30 15:54:50', '2024-05-30 15:54:50'),
	(25, 'SURYA BATANG', '8998989110501', 2500, 40, 'Y', 3, '2024-05-30 15:56:49', '2024-05-30 15:56:49'),
	(26, 'WIN FILTER 20', '8997017791521', 29000, 3, 'Y', 3, '2024-05-30 16:03:10', '2024-05-30 16:03:10'),
	(27, 'WIN BOLD 20', '8997017791262', 28500, 1, 'Y', 3, '2024-05-30 16:03:59', '2024-05-30 16:03:59'),
	(28, 'GLIZZ PURPLE 16', '8994452620096', 23000, 2, 'Y', 3, '2024-05-30 16:05:00', '2024-05-30 16:05:00'),
	(29, 'ASPRO INTERNATIONAL 12', '8997223720032', 18000, 4, 'Y', 3, '2024-05-30 16:07:12', '2024-05-30 16:12:18'),
	(30, 'ASPRO INTERNATIONAL 16', '8997223720056', 22500, 9, 'Y', 3, '2024-05-30 16:08:26', '2024-06-02 09:27:20'),
	(31, 'ASPRO INTERNATIONAL 12', '8997223720032', 18000, 3, 'Y', 3, '2024-05-30 16:13:09', '2024-05-30 16:13:09'),
	(32, 'RED BLACK 16', '8997018920067', 21500, 1, 'Y', 3, '2024-05-30 16:15:26', '2024-05-30 16:15:26'),
	(33, 'RED BLACK MENTHOL 16', '8997018920074', 21500, 2, 'Y', 3, '2024-05-30 16:16:05', '2024-05-30 16:16:05'),
	(34, 'RED MILD 16', '8997018920012', 21500, 3, 'Y', 3, '2024-05-30 16:17:09', '2024-05-30 16:17:09'),
	(35, 'CAMEL WHITE 20 S', '42139447', 28000, 3, 'Y', 3, '2024-05-30 16:24:27', '2024-05-30 16:24:27'),
	(36, 'CAMEL WHITE 20 L', '8997217370649', 29000, 3, 'Y', 3, '2024-05-30 16:24:58', '2024-05-30 16:24:58'),
	(37, 'CAMEL YELLOW 20 S', '8997217370199', 28000, 3, 'Y', 3, '2024-05-30 16:26:16', '2024-05-30 16:26:16'),
	(38, 'CAMEL YELLOW 20 L', '8997217370557', 29000, 1, 'Y', 3, '2024-05-30 16:26:41', '2024-05-30 16:26:41'),
	(39, 'CAMEL INTENSE BLUE 16', '8997217370373', 22000, 5, 'Y', 3, '2024-05-30 16:30:14', '2024-05-30 16:30:14'),
	(40, 'CAMEL OPTION PURPLE 12', '8997217370311', 19500, 3, 'Y', 3, '2024-05-30 16:31:46', '2024-05-30 16:31:46'),
	(41, 'DUNHILL BLACK 16', '8998127912363', 29500, 3, 'Y', 3, '2024-05-30 16:33:54', '2024-05-30 16:33:54'),
	(42, 'DUNHILL WHITE 16', '8998127921709', 29500, 4, 'Y', 3, '2024-05-30 16:34:39', '2024-05-30 16:34:39'),
	(43, 'ESSE CHANGE DOUBLE 20', '8999168211248', 41000, 1, 'Y', 3, '2024-05-30 16:37:06', '2024-05-30 16:37:06'),
	(44, 'TWIZZ PURPLE 12', '8997223734138', 18500, 1, 'Y', 3, '2024-05-30 16:38:35', '2024-05-30 16:38:35'),
	(45, 'LUCKY STRIKE 20', '89981108', 29000, 2, 'Y', 3, '2024-05-30 16:40:35', '2024-05-30 16:40:35'),
	(46, 'COUNTRY 20', '8997207198871', 27500, 1, 'Y', 3, '2024-05-30 16:41:15', '2024-05-30 16:41:15'),
	(47, 'MARLBORO RED KRETEK12', '8999909003439', 12500, 3, 'Y', 3, '2024-05-30 16:45:26', '2024-05-30 16:45:26'),
	(48, 'MARLBORO RED 20', '76164217', 42000, 2, 'Y', 3, '2024-05-30 16:47:19', '2024-05-30 16:47:19'),
	(49, 'MARLBORO FILTER BLACK 12', '8999909000773', 23000, 1, 'Y', 3, '2024-05-30 16:49:19', '2024-05-30 16:51:08'),
	(50, 'MARLBORO FILTER BLACK 16', '8999909002821', 30500, 3, 'Y', 3, '2024-05-30 16:50:51', '2024-05-30 16:50:51'),
	(51, 'LA PURPLE 16', '8991906102009', 32500, 2, 'Y', 3, '2024-05-31 00:47:51', '2024-05-31 00:47:51'),
	(52, 'LA ICE 16', '8991906101101', 32500, 4, 'Y', 3, '2024-05-31 00:49:01', '2024-05-31 00:49:01'),
	(53, 'LA LIGHT 16', '8991906101057', 32000, 3, 'Y', 3, '2024-05-31 00:50:59', '2024-05-31 00:50:59'),
	(54, 'LA BOLD 12', '8991906108896', 22500, 2, 'Y', 3, '2024-05-31 00:54:11', '2024-05-31 00:54:11'),
	(55, 'DJI SAM SOE SP 12', '8999909028999', 21500, 5, 'Y', 3, '2024-05-31 00:55:59', '2024-05-31 00:55:59'),
	(56, 'DJI SAM SOE SP 16', '8999909010475', 26500, 2, 'Y', 3, '2024-05-31 00:58:22', '2024-05-31 00:58:22'),
	(57, 'DJI SAM SOE KRETEK 12', '8999909028234', 20000, 4, 'Y', 3, '2024-05-31 00:59:19', '2024-05-31 00:59:19'),
	(58, 'DJI SAM SOE KRETEK 12 SP', '8999909000629', 20500, 3, 'Y', 3, '2024-05-31 01:00:45', '2024-05-31 01:00:45'),
	(59, 'SENIOR CAFFE LATTE 12', '8991904101103', 15500, 3, 'Y', 3, '2024-05-31 01:02:13', '2024-05-31 01:02:13'),
	(60, 'JUARA JAMBU 12', '8999168211606', 15000, 4, 'Y', 3, '2024-05-31 01:03:01', '2024-05-31 01:03:01'),
	(61, 'TENOR TEH MANIS 12', '8991914101544', 9500, 3, 'Y', 3, '2024-05-31 01:03:53', '2024-05-31 01:03:53'),
	(62, 'TENOR KRETEK 12', '8991914101520', 9500, 2, 'Y', 3, '2024-05-31 01:04:28', '2024-05-31 01:04:28'),
	(63, '169 KRETEK 12', '8997018920135', 8500, 2, 'Y', 3, '2024-05-31 01:05:44', '2024-05-31 01:05:44'),
	(64, 'VIPER RED 16', '8991914101049', 21500, 3, 'Y', 3, '2024-05-31 01:06:35', '2024-05-31 01:06:35'),
	(65, 'LODJI KRETEK 12', '8997221460046', 9000, 2, 'Y', 3, '2024-05-31 01:08:01', '2024-05-31 01:08:01'),
	(66, 'LODJIE 99 PREMIO', '8997221460107', 10000, 2, 'Y', 3, '2024-05-31 01:08:55', '2024-05-31 01:08:55'),
	(67, 'SUMBU KRETEK 12', '8991001019028', 9000, 1, 'Y', 3, '2024-05-31 01:09:44', '2024-05-31 01:09:44'),
	(68, 'KANSAS 20', '8997239380107', 17000, 2, 'Y', 3, '2024-05-31 01:10:13', '2024-05-31 01:10:13'),
	(69, 'MUSTANG 12', '8991902101013', 17500, 2, 'Y', 3, '2024-05-31 01:11:11', '2024-05-31 01:11:11'),
	(70, 'GG DELUXE 12', '8998989300469', 16000, 1, 'Y', 3, '2024-05-31 01:11:50', '2024-05-31 01:11:50'),
	(71, 'PRAJA KRETEK 12', '8994453120083', 8500, 2, 'Y', 3, '2024-05-31 01:12:51', '2024-05-31 01:12:51'),
	(72, 'GG SURYA PRO MILD 16', '8998989300391', 30000, 1, 'Y', 3, '2024-05-31 01:13:46', '2024-05-31 01:13:46'),
	(73, 'xxxxxxxxx', '89989891101291', 23000, 0, 'Y', 3, '2024-06-02 02:20:57', '2024-06-02 02:28:46'),
	(74, 'CLEO 600Ml', '8996129803504', 30000, 60, 'Y', 2, '2024-06-02 12:00:18', '2024-06-02 12:00:18'),
	(75, 'VIT 550Ml', '8992752011408', 2500, 59, 'Y', 2, '2024-06-02 12:01:32', '2024-06-02 12:01:32'),
	(76, 'AQUA 600Ml', '8886008101053', 3000, 68, 'Y', 2, '2024-06-02 12:06:00', '2024-06-02 12:06:00'),
	(77, 'LEE MINERAL 600Ml', '8996001600269', 3500, 90, 'Y', 2, '2024-06-02 12:09:53', '2024-06-02 12:09:53'),
	(78, 'LE MINERAL 6OOMl', '8996001600269', 1500, 90, 'Y', 2, '2024-06-02 12:11:12', '2024-06-02 12:11:12'),
	(79, 'LE MINERAL 1500Ml', '8996001600399', 5500, 45, 'Y', 2, '2024-06-02 12:12:39', '2024-06-02 12:12:39'),
	(80, 'AQUA 1500Ml', '8886008101091', 5000, 48, 'Y', 2, '2024-06-02 12:14:13', '2024-06-02 12:14:13'),
	(81, 'CLEO 1500Ml', '8996129800640', 5000, 5, 'Y', 2, '2024-06-02 12:15:26', '2024-06-02 12:15:26'),
	(82, 'VIT 1500ML', '8992752011057', 4000, 35, 'Y', 2, '2024-06-02 12:17:01', '2024-06-02 12:17:01'),
	(83, 'ORANGE WATER 500ML', '8997009510123', 8000, 6, 'Y', 2, '2024-06-02 12:19:49', '2024-06-02 12:19:49'),
	(84, 'NIPIS MADU LIME SODA', '8996001600849', 4000, 114, 'Y', 2, '2024-06-02 12:22:29', '2024-06-02 12:22:29'),
	(85, 'ISOPLUS CHOCO', '8998866203531', 3000, 36, 'Y', 2, '2024-06-02 12:26:55', '2024-06-02 12:26:55'),
	(86, 'ISOPLUS', '8998866610377', 3000, 36, 'Y', 2, '2024-06-02 12:28:11', '2024-06-02 12:28:11'),
	(87, 'MIZONE LYCHEE LEMON', '8992752112013', 5000, 23, 'Y', 2, '2024-06-02 12:29:54', '2024-06-09 11:46:43'),
	(88, 'TEH PUCUK 350ML', '8996001600146', 3500, 32, 'Y', 2, '2024-06-02 12:30:54', '2024-06-02 12:30:54'),
	(89, 'PULPY ORANGE', '8992761166038', 5000, 10, 'Y', 2, '2024-06-02 12:32:44', '2024-06-02 12:32:44'),
	(90, 'FRUIT TEA BALCKCURRRANT 350ML', '8996006858160', 4000, 35, 'Y', 2, '2024-06-02 12:34:39', '2024-06-09 11:53:24'),
	(91, 'TEH GELAS 350ML', '8991102228053', 2500, 228, 'Y', 2, '2024-06-02 12:36:55', '2024-06-02 12:36:55'),
	(92, 'COCA COLA 250ML', '8992761145019', 4000, 1, 'Y', 2, '2024-06-02 12:39:31', '2024-06-02 12:39:31'),
	(93, 'COCA COLA 390ML', '8992761002015', 5500, 39, 'Y', 2, '2024-06-02 12:41:46', '2024-06-02 12:41:46'),
	(94, 'FANTA 390ML', '8992761002039', 5500, 33, 'Y', 2, '2024-06-02 12:42:55', '2024-06-02 12:42:55'),
	(95, 'SPRITE 390 ML', '8992761002022', 5500, 29, 'Y', 2, '2024-06-02 12:43:39', '2024-06-02 12:43:39'),
	(96, 'FLORIDINA ORANGE 350ML', '8998866500708', 3000, 21, 'Y', 2, '2024-06-02 12:47:45', '2024-06-02 12:47:45'),
	(97, 'FLORIDINA COCO 350ML', '8998866202923', 3000, 29, 'Y', 2, '2024-06-02 12:48:17', '2024-06-09 11:39:12'),
	(98, 'NUTRI BOSST ORANGE', '8992761164539', 6500, 9, 'Y', 2, '2024-06-02 12:49:16', '2024-06-02 12:49:42'),
	(99, 'NUTRI BOOST STRAWBERY 300ML', '8992761164546', 6500, 13, 'Y', 2, '2024-06-02 12:51:53', '2024-06-02 12:51:53'),
	(100, 'FANTA SODA  250ML', '8992761145118', 4000, 2, 'Y', 2, '2024-06-02 12:53:00', '2024-06-02 12:53:00'),
	(101, 'YOU C1000 ORANGE 140ML', '8997009510055', 7500, 4, 'Y', 2, '2024-06-02 12:55:26', '2024-06-02 12:55:26'),
	(102, 'YOU C1000 LEMON 140ML', '8997009510017', 7500, 1, 'Y', 2, '2024-06-02 12:56:25', '2024-06-02 12:57:19'),
	(103, 'BEAR BRAND 189ML', '8992696404441', 11000, 5, 'Y', 2, '2024-06-02 12:58:52', '2024-06-02 12:58:52'),
	(104, 'LARUTAN KAKI TIGA MELON KLG 320ML', '8995227500292', 7000, 3, 'Y', 2, '2024-06-02 13:00:33', '2024-06-02 13:00:33'),
	(105, 'LARUTAN CAP BADAK LECI KLG 320ML', '8999988888866', 7500, 2, 'Y', 2, '2024-06-02 13:01:37', '2024-06-02 13:01:37'),
	(106, 'FRESTEA APEL 350ML', '8992761166212', 4000, 18, 'Y', 2, '2024-06-02 13:02:59', '2024-06-02 13:02:59'),
	(107, 'POCARI 35OML', '8997035563544', 7000, 6, 'Y', 2, '2024-06-02 13:06:19', '2024-06-02 13:06:19'),
	(108, 'NU TEH TARIK 350ML', '8992388133345', 7500, 1, 'Y', 2, '2024-06-02 13:09:59', '2024-06-02 13:09:59'),
	(109, 'NU MILKTEA 350ML', '8992388133017', 7500, 2, 'Y', 2, '2024-06-02 13:10:35', '2024-06-02 13:10:35'),
	(110, 'NU GREENTEA 45OML', '8992388133277', 6500, 3, 'Y', 2, '2024-06-02 13:12:45', '2024-06-02 13:12:45'),
	(111, 'NU YOGURT 450ML', '8992388145027', 6500, 7, 'Y', 2, '2024-06-02 13:13:49', '2024-06-02 13:13:49'),
	(112, 'HYDRO CHOCO  25OML', '8992858527308', 8000, 3, 'Y', 2, '2024-06-02 13:16:59', '2024-06-02 13:16:59'),
	(113, 'CIMORY YOGURT ALL VAR 24OML', '8993200664986', 9000, 1, 'Y', 2, '2024-06-02 13:18:40', '2024-06-02 13:18:40'),
	(114, 'NESCAFE ICE BLACK KLG', '9556001295248', 7000, 2, 'Y', 2, '2024-06-02 13:19:27', '2024-06-02 13:19:27'),
	(115, 'NESCAFE LATTE KLG', '9556001288592', 7000, 1, 'Y', 2, '2024-06-02 13:20:10', '2024-06-02 13:20:10'),
	(116, 'TEBS BOTOL 550ML', '8996006856715', 8000, 5, 'Y', 2, '2024-06-02 13:20:54', '2024-06-02 13:20:54'),
	(117, 'ULTRA MILK FULL CREAM 250ML', '8998009010552', 5500, 2, 'Y', 2, '2024-06-02 13:21:51', '2024-06-02 13:21:51'),
	(118, 'ULTRA MILK TARO 200ML', '8998009011702', 5500, 23, 'Y', 2, '2024-06-02 13:22:58', '2024-06-10 10:18:24'),
	(119, 'ULTRA MILK COKLAT 200ML', '8998009010569', 5500, 2, 'Y', 2, '2024-06-02 13:23:38', '2024-06-10 10:18:49'),
	(120, 'CINCAU CAP PANDA KLG 32OML', '8995227500582', 7000, 6, 'Y', 2, '2024-06-02 13:24:38', '2024-06-02 13:24:38'),
	(121, 'CIMORY UHT TIRAMISU 250ML', '8993200667246', 6500, 2, 'Y', 2, '2024-06-02 13:25:51', '2024-06-02 13:25:51'),
	(122, 'CIMORY UHT CHOCOMALT 250ML', '8993200666898', 6500, 1, 'Y', 2, '2024-06-02 13:26:35', '2024-06-02 13:26:35'),
	(123, 'CIMORY UHT WHITE 250ML', '8993200666157', 6500, 4, 'Y', 2, '2024-06-02 13:27:22', '2024-06-02 13:27:22'),
	(124, 'CIMORY UHT HAZELNUT 250ML', '8993200666805', 6500, 1, 'Y', 2, '2024-06-02 13:29:45', '2024-06-02 13:29:45'),
	(125, 'CIMORY UHT ALMOND 250ML', '8993200666836', 6500, 1, 'Y', 2, '2024-06-02 13:30:23', '2024-06-02 13:30:23'),
	(126, 'CIMORY UHT SALTED CARAMEL 250ML', '8993200667215', 6500, 1, 'Y', 2, '2024-06-02 13:31:01', '2024-06-02 13:31:01'),
	(127, 'CIMORY UHT CASHEW 250ML', '8993200666867', 6500, 1, 'Y', 2, '2024-06-02 13:32:56', '2024-06-02 13:32:56'),
	(128, 'CIMORY UHT BLUBERRY 250ML', '8993200666126', 6500, 2, 'Y', 2, '2024-06-02 13:36:09', '2024-06-02 13:36:09'),
	(129, 'ABC CHOCO MALT 200ML', '8991002122000', 3500, 2, 'Y', 2, '2024-06-02 13:39:02', '2024-06-02 13:39:02'),
	(130, 'ABC KOPI SUS 200ML', '8991002122017', 3500, 15, 'Y', 2, '2024-06-02 13:39:43', '2024-06-02 13:39:43'),
	(131, 'MILKU ORIGINAL', '8998866203920', 3500, 12, 'Y', 2, '2024-06-02 13:47:32', '2024-06-02 13:47:32'),
	(132, 'MILKU COKELAT', '8998866202725', 3500, 32, 'Y', 2, '2024-06-02 13:48:08', '2024-06-09 11:36:31'),
	(133, 'MILK STRAWBERY', '8997223720056', 3500, 12, 'Y', 2, '2024-06-02 13:48:47', '2024-06-02 13:48:47'),
	(134, 'GOLDA CAPPUCCINO', '8998866202893', 3500, 10, 'Y', 2, '2024-06-02 13:49:35', '2024-06-02 13:49:35'),
	(135, 'GOLDA DOLCE LATTE', '8998866201841', 3500, 9, 'Y', 2, '2024-06-02 13:50:11', '2024-06-02 13:50:11'),
	(136, 'YAKULT', '21262400001', 2500, 3, 'Y', 2, '2024-06-02 13:58:48', '2024-06-02 13:58:48'),
	(137, 'TANGGO COKLAT POUCH 125GR', '8991102987875', 8500, 3, 'Y', 1, '2024-06-08 10:40:25', '2024-06-08 10:40:25'),
	(138, 'TANGGO VANILLA POUCH 125GR', '8991102987899', 8500, 3, 'Y', 1, '2024-06-08 10:41:33', '2024-06-08 10:41:33'),
	(139, 'OREO WAFER CHOCO VANILLA 117GR', '7622201402686', 7500, 5, 'Y', 1, '2024-06-08 10:45:42', '2024-06-08 10:45:42'),
	(140, 'ABC KACANG HIJAU 250ML', '711844162419', 5000, 6, 'Y', 2, '2024-06-08 10:48:10', '2024-06-08 10:48:10'),
	(141, 'MR POTATO SEAWEED 80GR', '8993004788703', 13500, 3, 'Y', 1, '2024-06-08 10:55:09', '2024-06-08 10:55:09'),
	(142, 'MR POTATO BARBEKIU 80GR', '9557062331142', 13500, 4, 'Y', 1, '2024-06-08 10:58:56', '2024-06-08 11:00:00'),
	(143, 'MR POTATO ORIGINAL 80GR', '9557062331128', 13500, 3, 'Y', 1, '2024-06-08 11:00:44', '2024-06-08 11:00:44'),
	(144, 'MR POTATO SAPI PANGGANG 80GR', '8993004786853', 13500, 3, 'Y', 1, '2024-06-08 11:01:26', '2024-06-08 11:01:26'),
	(145, 'TISSUE GREEN POP UP 170GR', '8997019580215', 4000, 10, 'Y', 6, '2024-06-08 11:05:14', '2024-06-08 11:05:14'),
	(146, 'SELECTION KAPAS 35GR', '8991038110354', 6500, 10, 'Y', 7, '2024-06-08 11:09:14', '2024-06-08 11:09:14'),
	(147, 'ULTRA MILK MOKA 200ML', '8998009010583', 5500, 10, 'Y', 2, '2024-06-08 11:12:39', '2024-06-08 11:12:39'),
	(148, 'ULTRA MILK COKELAT 200ML', '8998009010569', 5500, 24, 'Y', 2, '2024-06-08 11:17:56', '2024-06-08 11:17:56'),
	(149, 'ULTRA MILK STROBERI 200ML', '8998009010576', 5500, 24, 'Y', 2, '2024-06-08 11:18:43', '2024-06-08 11:18:43'),
	(150, 'ULTRA MILK FULL CREAM 200ML', '8998009010552', 5500, 24, 'Y', 2, '2024-06-08 11:19:17', '2024-06-08 11:19:17'),
	(151, 'LASEGAR TWIST LEMON 320ML', '8999988906126', 7000, 4, 'Y', 2, '2024-06-08 11:21:52', '2024-06-08 11:21:52'),
	(152, 'LASEGAR TWIST JERUK 320ML', '8999988906140', 7000, 3, 'Y', 2, '2024-06-08 11:22:21', '2024-06-08 11:22:21'),
	(153, 'INDOFOOD SAMBAL PEDAS 135ML', '089686400427', 7500, 10, 'Y', 8, '2024-06-08 11:33:07', '2024-06-08 11:33:07'),
	(154, 'INDOFOOD SAMBAL EXTRA PEDAS 135ML', '089686400816', 7500, 3, 'Y', 8, '2024-06-08 11:34:00', '2024-06-08 11:34:00'),
	(155, 'CHITATO CHEESE 68GR', '089686598957', 11500, 4, 'Y', 1, '2024-06-08 13:03:01', '2024-06-08 13:03:01'),
	(156, 'CHITATO SAPI BMB BAKAR 68GR', '089686598599', 11500, 4, 'Y', 1, '2024-06-08 13:04:07', '2024-06-08 13:04:07'),
	(157, 'CHITATO SAPI PANGGANG 68GR', '089686598056', 11500, 4, 'Y', 1, '2024-06-08 13:10:30', '2024-06-08 13:10:30'),
	(158, 'JAPOTA BEEF BBQ 68GR', '8998866203890', 10500, 4, 'Y', 1, '2024-06-08 13:17:39', '2024-06-08 13:17:39'),
	(159, 'JAPOTA  SEAWEED 65GR', '8998866202459', 10500, 4, 'Y', 1, '2024-06-08 13:18:42', '2024-06-08 13:18:42'),
	(160, 'JAPOTA  HONEY BUTTER 65GR', '8998866202473', 10500, 4, 'Y', 1, '2024-06-08 13:20:13', '2024-06-08 13:20:13'),
	(161, 'MONDE SERENA GOLD 60GR', '8888166989634', 5000, 10, 'Y', 1, '2024-06-08 13:21:32', '2024-06-08 13:21:32'),
	(162, 'GOODTIME DC 65,5GR', '8994755030950', 2000, 24, 'Y', 1, '2024-06-08 13:36:38', '2024-06-08 13:36:38'),
	(163, 'GOODTIME DCMINI 18GR', '8994755030936', 2000, 24, 'Y', 1, '2024-06-08 13:38:32', '2024-06-08 13:38:32'),
	(164, 'NYAM NYAM FP', '8994755020425', 2000, 24, 'Y', 1, '2024-06-08 13:55:04', '2024-06-08 13:55:04'),
	(165, 'BIHUNKU ASAM PEDAS', '8993118938056', 3500, 20, 'Y', 8, '2024-06-08 14:06:47', '2024-06-08 14:06:47'),
	(166, 'BIHUNKU AYAM BAWANG 55GR', '8993118731046', 3500, 20, 'Y', 8, '2024-06-08 14:09:10', '2024-06-08 14:09:10'),
	(167, 'BIHUNKU KARI LAKSA 55GR', '8993118938100', 4000, 19, 'Y', 8, '2024-06-08 14:12:10', '2024-06-08 14:12:10'),
	(168, 'C/LANG KAYU PUTIH 30ML', '8993176110081', 14500, 3, 'Y', 5, '2024-06-09 10:04:28', '2024-06-09 10:04:28'),
	(169, 'C/LANG KAYU PUTIH 15ML', '8993176110098', 8000, 6, 'Y', 5, '2024-06-09 10:06:21', '2024-06-09 10:06:21'),
	(170, 'VITACIMIN 2S', '8991771200329', 2000, 40, 'Y', 5, '2024-06-09 10:16:39', '2024-06-09 10:16:39'),
	(171, 'VITACIMIN ORANGE 2S', '8991771200398', 2000, 20, 'Y', 5, '2024-06-09 10:17:15', '2024-06-09 10:17:15'),
	(172, 'GARUDA KCNG ATOM 33/35 GR', '8992775204054', 2500, 20, 'Y', 1, '2024-06-09 10:19:50', '2024-06-09 10:19:50'),
	(173, 'MIE SUKSES 2 AYBWNG', '8998866200899', 4000, 12, 'Y', 8, '2024-06-09 10:22:09', '2024-06-09 10:22:09'),
	(174, 'SUKSES ISI 2 AYBWNG', '8998866200899', 4000, 12, 'Y', 8, '2024-06-09 10:23:02', '2024-06-09 10:23:02'),
	(175, 'SUKSES ISI 2 SOTOMIE', '8998866613262', 4000, 12, 'Y', 8, '2024-06-09 10:23:47', '2024-06-09 10:23:47'),
	(176, 'SAORI SAUS TIRAM 113ML', '8992770096128', 12500, 3, 'Y', 8, '2024-06-09 10:25:54', '2024-06-09 10:25:54'),
	(177, 'SAORI SAUS TIRAM 23ML', '8992770094117', 3000, 10, 'Y', 8, '2024-06-09 10:27:08', '2024-06-09 10:27:08'),
	(178, 'ROSEBRANG TPNG BRS', '8993093665138', 4500, 4, 'Y', 8, '2024-06-09 10:52:19', '2024-06-09 10:52:19'),
	(179, 'SEDAP MIE GRNG CUP', '8998866200813', 6000, 4, 'Y', 8, '2024-06-09 10:53:38', '2024-06-09 10:53:38'),
	(180, 'SEDAP MIE SPICYSOUP', '8998866202671', 6000, 4, 'Y', 8, '2024-06-09 10:56:31', '2024-06-09 10:56:31'),
	(181, 'SEDAP MIE SPICYCHKN', '8998866202404', 6000, 4, 'Y', 8, '2024-06-09 10:57:46', '2024-06-09 10:57:46'),
	(182, 'SEDAP AYM NAMPOLCUP', '8998866203807', 6000, 4, 'Y', 8, '2024-06-09 10:58:41', '2024-06-09 10:58:41'),
	(183, 'SEDAP MIE AY JRTCUP', '8998866202930', 6000, 4, 'Y', 8, '2024-06-09 10:59:54', '2024-06-09 10:59:54'),
	(184, 'SEDAP SOTOCUP', '8998866200837', 5500, 3, 'Y', 8, '2024-06-09 11:01:01', '2024-06-09 11:01:01'),
	(185, 'SEDAP BASOCUP', '8998866200851', 5500, 4, 'Y', 8, '2024-06-09 11:02:04', '2024-06-09 11:02:04'),
	(186, 'SEDAP BSOBLDUKCUP', '8998866203258', 6000, 4, 'Y', 8, '2024-06-09 11:03:03', '2024-06-09 11:03:03'),
	(187, 'SASA SNTANBBK', '8992736225494', 2500, 36, 'Y', 8, '2024-06-09 11:06:31', '2024-06-09 11:06:31'),
	(188, 'SONICE SOSIS OTAK2', '8993110002175', 1000, 78, 'Y', 1, '2024-06-09 11:10:28', '2024-06-09 11:10:28'),
	(189, 'LADAKU', '8997011930612', 1000, 12, 'Y', 8, '2024-06-09 11:12:19', '2024-06-09 11:13:16'),
	(190, 'BONCB LV50', '8995899215036', 1500, 24, 'Y', 9, '2024-06-09 11:16:22', '2024-06-09 11:16:22'),
	(191, 'BONCB LV30', '8995899250150', 1500, 16, 'Y', 9, '2024-06-09 11:17:21', '2024-06-09 11:17:21'),
	(192, 'BONCB L10', '8995899250112', 1500, 23, 'Y', 9, '2024-06-09 11:18:02', '2024-06-09 11:18:02'),
	(193, 'BONCB LV15', '8995899250143', 1500, 3, 'Y', 9, '2024-06-09 11:18:43', '2024-06-09 11:18:43'),
	(194, 'INDFOOD RACIK SOTO AY', '089686440584', 6000, 3, 'Y', 9, '2024-06-09 11:21:30', '2024-06-09 11:21:30'),
	(195, 'INDFOOD RACIK KARE', '089686440133', 6000, 3, 'Y', 9, '2024-06-09 11:22:19', '2024-06-09 11:22:19'),
	(196, 'INDFOOD RACIK AY GRNG MNTG', '089686386394', 6000, 3, 'Y', 9, '2024-06-09 11:23:18', '2024-06-09 11:23:18'),
	(197, 'INDFOOD RACIK OPOR AY', '089686440287', 6000, 3, 'Y', 9, '2024-06-09 11:23:54', '2024-06-09 11:23:54'),
	(198, 'INDFOOD RACIK S SOP', '089686386318', 2000, 10, 'Y', 9, '2024-06-09 11:25:00', '2024-06-09 11:25:00'),
	(199, 'INDFOOD RACIK SEMUR', '089686386349', 6000, 2, 'Y', 9, '2024-06-09 11:25:39', '2024-06-09 11:25:39'),
	(200, 'INDFOOD RACIK RENDANG', '089686440430', 6000, 2, 'Y', 9, '2024-06-09 11:26:09', '2024-06-09 11:26:09'),
	(201, 'SEDAP MIE AYJERIT 77GR', '8998866626842', 3500, 20, 'Y', 8, '2024-06-09 11:28:41', '2024-06-09 11:28:41'),
	(202, 'SEDAP MIE SPCSOUP 77GR', '8998866202619', 3500, 20, 'Y', 8, '2024-06-09 11:29:36', '2024-06-09 11:29:36'),
	(203, 'SUKSES ISI 2 AYKREMES', '8998866200882', 4000, 22, 'Y', 8, '2024-06-09 11:30:42', '2024-06-09 11:30:42'),
	(204, 'INDOMIE GORENG 85GR', '089686010947', 3500, 40, 'Y', 8, '2024-06-09 11:33:30', '2024-06-09 11:33:30'),
	(205, 'SUKSES ISI 2 AYKECAP', '8998866201667', 4000, 24, 'Y', 8, '2024-06-09 11:35:25', '2024-06-09 11:35:25'),
	(206, 'TEH BANDULAN MLT 160', '8994300101395', 1500, 24, 'Y', 2, '2024-06-09 11:41:15', '2024-06-09 11:41:15'),
	(207, 'AIR MIN CLUB 330', '896867700258', 2000, 24, 'Y', 2, '2024-06-09 11:43:25', '2024-06-09 11:43:25'),
	(208, 'MIZONE CRANBERRY', '8992752112518', 5000, 24, 'Y', 2, '2024-06-09 11:47:44', '2024-06-09 11:47:44'),
	(209, 'TEH SOSRO ORI 350ML', '8996006858016', 4000, 24, 'Y', 2, '2024-06-09 11:54:35', '2024-06-09 11:54:35'),
	(210, 'PEPSODENT WHITE 75G', '8999999706081', 6500, 12, 'Y', 4, '2024-06-09 11:56:18', '2024-06-09 11:56:18'),
	(211, 'CIPTADENT COOL 75G', '8998866100144', 5000, 12, 'Y', 4, '2024-06-09 11:57:51', '2024-06-09 11:57:51'),
	(212, 'CIPTADENT FRESH 75G', '8998866181068', 5000, 12, 'Y', 4, '2024-06-09 11:58:38', '2024-06-09 11:58:38'),
	(213, 'DETTOL BW HONEY 370G', '8993560027100', 30000, 3, 'Y', 4, '2024-06-09 12:00:36', '2024-06-09 12:00:36'),
	(214, 'DETTOL GREENTEA 370G', '8993560002190', 30000, 3, 'Y', 4, '2024-06-09 12:01:17', '2024-06-09 12:01:17'),
	(215, 'BIORE ANTIBACTERIAL 100ML', '8992727000543', 13500, 3, 'Y', 4, '2024-06-09 12:04:05', '2024-06-09 12:04:05'),
	(216, 'BIORE SCRUB 100ML', '8992727001656', 13500, 3, 'Y', 4, '2024-06-09 12:04:52', '2024-06-09 12:04:52'),
	(217, 'BIORE PUREMILD 100ML', '8992727000383', 13500, 3, 'Y', 4, '2024-06-09 12:05:27', '2024-06-09 12:05:27'),
	(218, 'LUX BLUE PEONY70', '8999999036676', 4500, 3, 'Y', 4, '2024-06-09 12:08:14', '2024-06-09 12:08:14'),
	(219, 'LUX LILY FRESH70', '8999999031107', 4500, 3, 'Y', 4, '2024-06-09 12:08:52', '2024-06-09 12:08:52'),
	(220, 'LUX CAMELLIA70', '8999999500399', 4500, 3, 'Y', 4, '2024-06-09 12:09:42', '2024-06-09 12:09:42'),
	(221, 'LUX VELVET JASMINE70', '8999999036638', 4500, 3, 'Y', 4, '2024-06-09 12:10:23', '2024-06-09 12:10:23'),
	(222, 'RINSO LIQ A/NODA 38ML', '8999999042639', 1000, 36, 'Y', 6, '2024-06-09 12:16:21', '2024-06-09 12:16:21'),
	(223, 'RINSO LIQ ROYAL GOLD 38ML', '8999999526894', 1000, 36, 'Y', 6, '2024-06-09 12:17:24', '2024-06-09 12:17:24'),
	(224, 'RINSO LIQ ESSENCE 38ML', '8999999042592', 1000, 36, 'Y', 6, '2024-06-09 12:18:07', '2024-06-09 12:18:07'),
	(225, 'ROYALE HIJAB BLACKV 13ML', '8998866614146', 500, 30, 'Y', 6, '2024-06-09 12:21:49', '2024-06-09 12:21:49'),
	(226, 'ROYALE PURPLE DAWN  13ML', '8998866808699', 500, 30, 'Y', 6, '2024-06-09 12:23:08', '2024-06-09 12:23:08'),
	(227, 'BAYGON BKR MAX LAV', '8998899001623', 5000, 3, 'Y', 6, '2024-06-09 12:56:17', '2024-06-09 12:56:17'),
	(228, 'NOMOS BKR JUMBO', '8997027300331', 5000, 4, 'Y', 6, '2024-06-09 12:58:02', '2024-06-09 12:58:02'),
	(229, 'BAYGON BKR MAX JUMBO', '8998899001579', 5000, 3, 'Y', 6, '2024-06-09 13:01:16', '2024-06-09 13:01:16'),
	(230, 'ROMA SARI GANDUM 149GR', '8996001302248', 7500, 5, 'Y', 1, '2024-06-09 13:23:35', '2024-06-09 13:23:35'),
	(231, 'TASTY BAKMI AY GEPREK MTH', '8998866202237', 5500, 12, 'Y', 8, '2024-06-09 13:27:06', '2024-06-09 13:27:06'),
	(232, 'TASTY BAKMI AYM', '8998866202312', 5500, 12, 'Y', 8, '2024-06-09 13:28:15', '2024-06-09 13:28:15'),
	(233, 'SHINZUI MATSU 80G', '8992946511790', 5500, 10, 'Y', 4, '2024-06-09 13:33:24', '2024-06-09 13:33:24'),
	(234, 'SHINZUI HANA 80G', '8992946512223', 5500, 10, 'Y', 4, '2024-06-09 13:33:59', '2024-06-09 13:33:59'),
	(235, 'SHINZUI KIREI 80G', '8992946512285', 5500, 10, 'Y', 4, '2024-06-09 13:34:30', '2024-06-09 13:34:30'),
	(236, 'SARIMI AY BWNG 75G', '089686017076', 2800, 20, 'Y', 8, '2024-06-09 13:40:26', '2024-06-09 13:40:26'),
	(237, 'SARIMI AY KREMES 70G', '089686049121', 2500, 20, 'Y', 8, '2024-06-09 13:41:43', '2024-06-09 13:41:43'),
	(238, 'SARIMI AY IGA SAPI 70G', '089686049152', 2500, 20, 'Y', 8, '2024-06-09 13:42:19', '2024-06-09 13:42:19'),
	(239, 'INDOMIE KARI AYAM 72G', '089686010527', 3500, 20, 'Y', 8, '2024-06-09 13:47:04', '2024-06-09 13:47:04'),
	(240, 'INDOMIE SOTOMIE 72G', '089686010343', 3500, 20, 'Y', 8, '2024-06-09 13:47:59', '2024-06-09 13:47:59'),
	(241, 'INDOMIE SEBLAK HOTJ 75G', '089686043495', 3500, 10, 'Y', 8, '2024-06-09 13:49:34', '2024-06-09 13:49:34'),
	(242, 'CHARM WING 10', '8993189270338', 11500, 5, 'Y', 7, '2024-06-09 14:26:23', '2024-06-09 14:26:23'),
	(243, 'CHARM NONWING 10', '8993189270291', 8500, 5, 'Y', 7, '2024-06-09 14:27:19', '2024-06-09 14:27:19'),
	(244, 'CHARM COOL.FRESH 8', '8993189381324', 9000, 5, 'Y', 7, '2024-06-09 14:28:36', '2024-06-09 14:28:36'),
	(245, 'SOFTEX DS 8', '8992959117569', 6500, 5, 'Y', 7, '2024-06-09 14:30:41', '2024-06-09 14:30:41'),
	(246, 'CIPTADENT SG EXTRCLEAN', '8998866103961', 5000, 4, 'Y', 4, '2024-06-09 14:38:39', '2024-06-09 14:38:39'),
	(247, 'CIPTADENT SG CRYSTAL CLEAN', '8998866103985', 5000, 12, 'Y', 4, '2024-06-09 14:39:36', '2024-06-09 14:39:36'),
	(248, 'HOME SARDINE 155G', '8993297521551', 8000, 3, 'Y', 9, '2024-06-09 14:43:08', '2024-06-09 14:43:08'),
	(249, 'ASAHI SARDEN', '8994420107789', 9000, 3, 'Y', 9, '2024-06-09 14:44:19', '2024-06-09 14:44:19'),
	(250, 'INDOMIE AYAM SPC 68G', '089686010046', 3500, 20, 'Y', 8, '2024-06-10 07:19:50', '2024-06-10 07:19:50'),
	(251, 'INDOMIE GORENG AYGPREK 85GR', '089686043433', 3500, 20, 'Y', 8, '2024-06-10 07:22:08', '2024-06-10 07:22:08'),
	(252, 'VIXAL 160ML', '8999999500672', 5000, 12, 'Y', 6, '2024-06-10 09:44:37', '2024-06-10 09:44:37'),
	(253, 'SOKLIN LNTAPPLE 25ML', '8998866603874', 500, 100, 'Y', 6, '2024-06-10 09:46:08', '2024-06-10 09:46:08'),
	(254, 'WIPOL 36ML', '8999999509811', 1000, 50, 'Y', 6, '2024-06-10 09:47:13', '2024-06-10 09:47:13'),
	(255, 'TESSA FAC TISUE 50S', '8992931005112', 3000, 8, 'Y', 7, '2024-06-10 09:55:08', '2024-06-10 09:55:08'),
	(256, 'TESSA FAC TISUE 10S', '8992931006256', 1500, 17, 'Y', 7, '2024-06-10 09:58:49', '2024-06-10 09:59:55'),
	(257, 'NACHI 1/2X25 ISOLASI', '0813010005', 1500, 10, 'Y', 12, '2024-06-10 10:05:01', '2024-06-10 10:05:01'),
	(258, 'BP JOYKO QGEL0.5', '8993988283294', 4500, 2, 'Y', 12, '2024-06-10 10:08:29', '2024-06-10 10:08:29'),
	(259, 'PASEO GO SMART 2/200S', '8993053121452', 10500, 8, 'Y', 7, '2024-06-10 10:22:49', '2024-06-10 10:22:49'),
	(260, 'TISSUE FC JOLLY 2/250S', '8992759170580', 9500, 5, 'Y', 7, '2024-06-10 10:24:41', '2024-06-10 10:24:41'),
	(261, 'GILLETTE B2 FLEXI', '4987176092267', 11000, 10, 'Y', 11, '2024-06-10 10:40:41', '2024-06-10 10:40:41'),
	(262, 'GILLETTE BLUE II', '8888826019589', 10000, 5, 'Y', 11, '2024-06-10 10:43:57', '2024-06-10 10:43:57'),
	(263, 'GILLETTE GOAL II', '8992765301008', 9000, 6, 'Y', 11, '2024-06-10 10:45:07', '2024-06-10 10:45:07'),
	(264, 'SOFFELL JRSC11G', '8992772311045', 2000, 20, 'Y', 7, '2024-06-10 10:48:41', '2024-06-10 10:48:41'),
	(265, 'SOFFELL GERSC11G', '8992772011037', 2000, 16, 'Y', 7, '2024-06-10 10:49:42', '2024-06-10 10:49:42'),
	(266, 'SALONPAS HOT 2S', '8992870410114', 2500, 55, 'Y', 5, '2024-06-10 10:54:20', '2024-06-10 10:54:20'),
	(267, 'SALONPAS 2S', '8992870410107', 2500, 35, 'Y', 5, '2024-06-10 10:55:58', '2024-06-10 10:55:58'),
	(268, 'SALONPAS EXTHOT 2S', '8992870712058', 2500, 19, 'Y', 5, '2024-06-10 10:56:45', '2024-06-10 10:56:45'),
	(269, 'DANCOW COKELAT SC38G', '8992696525030', 4000, 6, 'Y', 2, '2024-06-12 00:52:41', '2024-06-12 00:52:41'),
	(270, 'DANCOW INSTANT SC38G', '8992696525054', 4000, 9, 'Y', 2, '2024-06-12 00:53:38', '2024-06-12 00:53:38'),
	(271, 'GOOD DAY CAPPUCCINO GRAN 25G', '8991002103764', 2500, 15, 'Y', 2, '2024-06-12 00:54:49', '2024-06-12 00:54:49'),
	(272, 'TORABIKA CAPPUCCINO SC25G', '8996001414002', 2500, 4, 'Y', 2, '2024-06-12 00:55:54', '2024-06-12 00:55:54'),
	(273, 'KAPAL API SPMIX SC23GR', '8991002105485', 1500, 24, 'Y', 2, '2024-06-12 00:57:06', '2024-06-12 00:57:06'),
	(274, 'OVALTINE SCBIG22GR', '8850086250224', 2500, 12, 'Y', 2, '2024-06-12 00:58:21', '2024-06-12 00:58:21'),
	(275, 'INDOCAFE COFMIX20G', '9311931024036', 2000, 14, 'Y', 2, '2024-06-12 00:59:41', '2024-06-12 00:59:41'),
	(276, 'CHARM 2SSFNIGHT350', '8993189329739', 4500, 18, 'Y', 7, '2024-06-12 01:05:31', '2024-06-12 01:05:31'),
	(277, 'TOP CAPPUCCINO 25GR', '8998866809689', 2500, 19, 'Y', 2, '2024-06-12 01:06:35', '2024-06-12 01:06:35'),
	(278, 'BENG BENG DRINK 30GR', '8996001431030', 2500, 13, 'Y', 2, '2024-06-12 01:09:19', '2024-06-12 01:09:19'),
	(279, 'MAXTEA TARIK 25GR', '9311931201208', 2500, 8, 'Y', 2, '2024-06-12 01:10:52', '2024-06-12 01:10:52'),
	(280, 'GOODDAY ORI SC20GR', '8991002103535', 1500, 105, 'Y', 2, '2024-06-12 01:13:46', '2024-06-12 01:13:46'),
	(281, 'GOODDAY COOLIN SC20GR', '8991002103436', 1500, 95, 'Y', 2, '2024-06-12 01:14:39', '2024-06-12 01:14:39'),
	(282, 'GOODDAY DUET SC22GR', '8991002133525', 1500, 58, 'Y', 2, '2024-06-12 01:15:24', '2024-06-12 01:15:24'),
	(283, 'GOODDAY VANILLALATTE SC20GR', '8991002103337', 1500, 67, 'Y', 2, '2024-06-12 01:15:59', '2024-06-12 01:15:59'),
	(284, 'GOODDAY MOCACINNO SC20GR', '8991002103238', 1500, 35, 'Y', 2, '2024-06-12 01:16:36', '2024-06-12 01:16:36'),
	(285, 'GOODDAY CHOCOCINNO SC20GR', '8991002103832', 1500, 62, 'Y', 2, '2024-06-12 01:17:16', '2024-06-12 01:17:16'),
	(286, 'GOODDAY CARREBIANNUT SC20GR', '8991002103931', 1500, 22, 'Y', 2, '2024-06-12 01:17:58', '2024-06-12 01:17:58'),
	(287, 'KAPAL API KOPSUS SC31GR', '8991002105676', 1500, 1, 'Y', 2, '2024-06-12 01:22:08', '2024-06-12 01:22:08'),
	(288, 'KAPAL API GRANDE JVLT SC23G', '8991002115101', 1500, 14, 'Y', 2, '2024-06-12 01:24:17', '2024-06-12 01:24:17'),
	(289, 'WHITE KOFFIE TARIKMAL SC25G', '8994171101968', 2000, 9, 'Y', 2, '2024-06-12 01:25:32', '2024-06-12 01:25:32'),
	(290, 'WHITE KOFFIE ORI SC20G', '8994171101289', 1500, 19, 'Y', 2, '2024-06-12 01:26:34', '2024-06-12 01:26:34'),
	(291, 'TORABIKA CREAMLATTE 25GR', '8998666001306', 1500, 20, 'Y', 2, '2024-06-12 01:27:46', '2024-06-12 01:27:46'),
	(292, 'TORABIKA DUO 25GR', '8996001401033', 1500, 51, 'Y', 2, '2024-06-12 01:28:38', '2024-06-12 01:28:38'),
	(293, 'TORABIKA MOKA SC20GR', '8996001410042', 1500, 5, 'Y', 2, '2024-06-12 01:39:29', '2024-06-12 01:39:29'),
	(294, 'TORACAFE CCLATTE 23,5GR', '8998666001924', 1500, 5, 'Y', 2, '2024-06-12 01:40:59', '2024-06-12 01:40:59'),
	(295, 'SUPER BUBUR ABONSAPI 49G', '8996001524015', 3500, 4, 'Y', 8, '2024-06-12 10:00:46', '2024-06-12 10:00:46'),
	(296, 'SUPER BUBUR SOTO 49G', '8996001524060', 3500, 6, 'Y', 8, '2024-06-12 10:01:29', '2024-06-12 10:01:29'),
	(297, 'SUPER BUBUR KARI 49G', '8996001524039', 3500, 5, 'Y', 8, '2024-06-12 10:03:18', '2024-06-12 10:03:18'),
	(298, 'KAPAL API SPECIAL 160G', '8991002105423', 15000, 3, 'Y', 2, '2024-06-12 10:04:57', '2024-06-12 10:04:57'),
	(299, 'ANGET SARI SJ 25G', '8992933453119', 1500, 9, 'Y', 2, '2024-06-12 10:05:54', '2024-06-12 10:05:54'),
	(300, 'SUSU JAHE INTRA 25G', '8993371100528', 1500, 11, 'Y', 2, '2024-06-12 10:07:15', '2024-06-12 10:07:15'),
	(301, 'CHOCOLATOS 20G', '8992775913000', 2000, 14, 'Y', 2, '2024-06-12 10:09:22', '2024-06-12 10:09:22'),
	(302, 'CHOCOLATOS MATCHA 20G', '8992775000250', 2000, 9, 'Y', 2, '2024-06-12 10:10:14', '2024-06-12 10:10:14'),
	(303, 'CHOCODRINK 25G', '8998866202411', 1500, 34, 'Y', 2, '2024-06-12 10:11:40', '2024-06-12 10:11:40'),
	(304, 'MILO 3IN1 SC34G', '8992696409057', 4000, 7, 'Y', 2, '2024-06-12 10:14:03', '2024-06-12 10:14:03'),
	(305, 'MILO ACTIVE SC22G', '8992696521797', 2500, 12, 'Y', 2, '2024-06-12 10:14:49', '2024-06-12 10:14:49'),
	(306, 'ENERGEN VANILLA 30GR', '8996001440124', 2000, 4, 'Y', 2, '2024-06-12 10:16:01', '2024-06-12 10:16:01'),
	(307, 'ENERGEN KURMA 30GR', '8996001603376', 2500, 14, 'Y', 2, '2024-06-12 10:16:34', '2024-06-12 10:16:34'),
	(308, 'TORACAFE CARLATTE 23,5GR', '8998666001900', 1500, 3, 'Y', 2, '2024-06-12 10:17:34', '2024-06-12 10:17:34'),
	(309, 'NESCAFE SC 10G', '(90)MD268708080001(91)250402', 1000, 12, 'Y', 2, '2024-06-12 10:18:45', '2024-06-12 10:18:45'),
	(310, 'TEH DANDANG SC 8S', '8994286149107', 2000, 17, 'Y', 2, '2024-06-12 10:19:28', '2024-06-12 10:19:28'),
	(311, 'SARIWANGI SC 4S', '8999999540333', 1000, 28, 'Y', 2, '2024-06-12 10:20:34', '2024-06-12 10:20:34'),
	(312, 'FRISIAN FLAG KM38GR', '8992753031894', 1500, 2, 'Y', 2, '2024-06-12 10:21:41', '2024-06-12 10:21:41'),
	(313, 'KECAP BANGO P59ML', '8999999514006', 3000, 25, 'Y', 8, '2024-06-12 10:23:04', '2024-06-12 10:23:04'),
	(314, 'CHARM EXMAXI WING 2S', '8993189270673', 3000, 4, 'Y', 7, '2024-06-12 10:26:01', '2024-06-12 10:26:01'),
	(315, 'TOP AVOCADO COFFEE SC22GR', '8998866203333', 1500, 12, 'Y', 2, '2024-06-12 10:36:13', '2024-06-12 10:36:13'),
	(316, 'ABC EXTREME PEDAS POUCH 75G', '8994907002293', 4500, 4, 'Y', 9, '2024-06-12 10:44:09', '2024-06-12 10:44:09'),
	(317, 'ABC SAMBAL ASLI POUCH 75G', '711844120549', 3500, 1, 'Y', 9, '2024-06-12 10:45:53', '2024-06-12 10:45:53'),
	(318, 'GAGA MIE GORENG ORI', '8888327831765', 3500, 12, 'Y', 8, '2024-06-12 10:47:39', '2024-06-12 10:47:39'),
	(319, 'GAGA MIE EXTRA PDS SOTO', '8888327831123', 3500, 2, 'Y', 8, '2024-06-12 10:48:48', '2024-06-12 10:48:48'),
	(320, 'SUN KARA POUCH 65ML', '8992717781025', 4000, 2, 'Y', 9, '2024-06-12 10:51:07', '2024-06-12 10:51:07'),
	(321, 'SUPERMI KALDU AYAM 70G', '089686014181', 2500, 20, 'Y', 8, '2024-06-12 10:53:09', '2024-06-12 10:53:09'),
	(322, 'SEDAP MIE GORENG 90G', '8998866200301', 3500, 12, 'Y', 8, '2024-06-12 10:54:49', '2024-06-12 10:54:49'),
	(323, 'SEDAP MIE WHITECURRY 81GR', '8998866201346', 3500, 19, 'Y', 8, '2024-06-12 10:56:02', '2024-06-12 10:56:02'),
	(324, 'SEDAP MIE AY SPECIAL 69GR', '8998866200509', 3500, 19, 'Y', 8, '2024-06-12 10:56:51', '2024-06-12 10:56:51'),
	(325, 'SEDAP MIE KOREAN SPICY 87GR', '8998866202343', 3500, 10, 'Y', 8, '2024-06-12 10:57:53', '2024-06-12 10:57:53'),
	(326, 'ABC MIE SELERA PEDAS 80GR', '8992388132324', 3500, 2, 'Y', 8, '2024-06-12 10:59:18', '2024-06-12 10:59:18'),
	(327, 'SEDAP MIE BASOSPECIAL 77GR', '8998866200929', 3500, 10, 'Y', 8, '2024-06-12 11:00:22', '2024-06-12 11:00:22'),
	(328, 'SEDAP MIE KC BULDAK 86GR', '8998866203579', 3500, 20, 'Y', 8, '2024-06-12 11:01:21', '2024-06-12 11:01:21'),
	(329, 'SEDAP MIE SOTO 75GR', '8998866200325', 3500, 17, 'Y', 8, '2024-06-12 11:02:35', '2024-06-12 11:02:35'),
	(330, 'SEDAP MIE AY KRISPI  81GR', '8998866200936', 3500, 14, 'Y', 8, '2024-06-12 11:03:31', '2024-06-12 11:03:31'),
	(331, 'SEDAP MIE KARI AYAM 72GR', '8998866200332', 3500, 11, 'Y', 8, '2024-06-12 11:04:16', '2024-06-12 11:04:16'),
	(332, 'SEDAP MIE AYAM JERIT 77GR', '8998866626842', 3500, 33, 'Y', 8, '2024-06-12 11:05:28', '2024-06-12 11:09:36'),
	(333, 'SEDAP MIE AYBAWANG 70GR', '8998866200318', 3500, 16, 'Y', 8, '2024-06-12 11:06:12', '2024-06-12 11:06:12'),
	(334, 'SEDAP MIE SINGAPORE LAKSA 83GR', '8998866203104', 3500, 18, 'Y', 8, '2024-06-12 11:07:37', '2024-06-12 11:07:37'),
	(335, 'SEDAP MIE KOREAN SOUP 77GR', '8998866202619', 3500, 31, 'Y', 8, '2024-06-12 11:08:27', '2024-06-12 11:08:27'),
	(336, 'MAIZENA NUTRISEDAP 20G', '8992933921113', 1000, 12, 'Y', 9, '2024-06-12 11:16:11', '2024-06-12 11:16:11'),
	(337, 'GARAM LARIST 200GR', '8994096223103', 2500, 30, 'Y', 9, '2024-06-12 11:20:24', '2024-06-12 11:20:24'),
	(338, 'ADEMSARI SC7GR', '8997239630103', 2500, 11, 'Y', 2, '2024-06-12 11:22:18', '2024-06-12 11:22:18');

-- Dumping structure for table laravel.produk_inventori
DROP TABLE IF EXISTS `produk_inventori`;
CREATE TABLE IF NOT EXISTS `produk_inventori` (
  `id` bigint unsigned NOT NULL AUTO_INCREMENT,
  `harga_beli` int DEFAULT '0',
  `jumlah_stok` int DEFAULT '0',
  `priority` int DEFAULT '0',
  `produk_id` bigint unsigned NOT NULL,
  `created_at` timestamp NULL DEFAULT NULL,
  `updated_at` timestamp NULL DEFAULT NULL,
  PRIMARY KEY (`id`),
  KEY `produk_inventori_produk_id_foreign` (`produk_id`),
  CONSTRAINT `produk_inventori_produk_id_foreign` FOREIGN KEY (`produk_id`) REFERENCES `produk` (`id`) ON DELETE CASCADE
) ENGINE=InnoDB AUTO_INCREMENT=350 DEFAULT CHARSET=utf8mb4 COLLATE=utf8mb4_unicode_ci;

-- Dumping data for table laravel.produk_inventori: ~349 rows (approximately)
INSERT INTO `produk_inventori` (`id`, `harga_beli`, `jumlah_stok`, `priority`, `produk_id`, `created_at`, `updated_at`) VALUES
	(1, 24300, 0, 0, 1, '2024-05-30 14:27:17', '2024-06-01 11:19:34'),
	(2, 24250, 5, 0, 2, '2024-05-30 14:30:43', '2024-05-30 14:30:43'),
	(3, 23200, 5, 0, 3, '2024-05-30 14:35:43', '2024-05-30 14:35:43'),
	(4, 14500, 4, 0, 4, '2024-05-30 14:40:42', '2024-05-30 14:40:42'),
	(5, 31650, 2, 0, 5, '2024-05-30 14:43:44', '2024-05-30 14:43:44'),
	(6, 27250, 1, 0, 6, '2024-05-30 14:45:46', '2024-05-30 14:45:46'),
	(7, 23800, 3, 0, 7, '2024-05-30 14:47:14', '2024-05-30 14:47:14'),
	(8, 20500, 2, 0, 8, '2024-05-30 14:56:30', '2024-05-30 14:56:30'),
	(9, 14500, 3, 0, 9, '2024-05-30 15:04:39', '2024-05-30 15:04:39'),
	(10, 14500, 2, 0, 10, '2024-05-30 15:09:00', '2024-05-30 15:09:00'),
	(11, 13300, 4, 0, 11, '2024-05-30 15:13:27', '2024-05-30 15:13:27'),
	(12, 14300, 3, 0, 12, '2024-05-30 15:25:09', '2024-05-30 15:25:09'),
	(13, 13500, 3, 0, 13, '2024-05-30 15:27:12', '2024-05-30 15:27:12'),
	(14, 23500, 1, 0, 14, '2024-05-30 15:29:56', '2024-05-30 15:29:56'),
	(15, 29000, 1, 0, 15, '2024-05-30 15:31:08', '2024-05-30 15:31:08'),
	(16, 10500, 11, 0, 16, '2024-05-30 15:32:47', '2024-05-30 15:32:47'),
	(17, 16000, 10, 0, 17, '2024-05-30 15:35:21', '2024-05-30 15:35:21'),
	(18, 22500, 3, 0, 18, '2024-05-30 15:38:58', '2024-05-30 15:38:58'),
	(19, 22500, 2, 0, 19, '2024-05-30 15:39:34', '2024-05-30 15:39:34'),
	(20, 15000, 3, 0, 20, '2024-05-30 15:40:19', '2024-05-30 15:40:19'),
	(21, 15000, 1, 0, 21, '2024-05-30 15:46:05', '2024-05-30 15:46:05'),
	(22, 17000, 2, 0, 22, '2024-05-30 15:50:18', '2024-05-30 15:50:18'),
	(23, 14500, 3, 0, 23, '2024-05-30 15:51:32', '2024-05-30 15:51:32'),
	(24, 22900, 2, 0, 24, '2024-05-30 15:54:50', '2024-05-30 15:54:50'),
	(25, 1850, 40, 0, 25, '2024-05-30 15:56:49', '2024-05-30 15:56:49'),
	(26, 26800, 3, 0, 26, '2024-05-30 16:03:11', '2024-05-30 16:03:11'),
	(27, 26200, 1, 0, 27, '2024-05-30 16:03:59', '2024-05-30 16:03:59'),
	(28, 21300, 2, 0, 28, '2024-05-30 16:05:00', '2024-05-30 16:05:00'),
	(29, 15500, 7, 0, 29, '2024-05-30 16:07:12', '2024-05-30 16:07:12'),
	(30, 22500, 9, 0, 30, '2024-05-30 16:08:26', '2024-05-30 16:08:26'),
	(31, 15750, 3, 0, 31, '2024-05-30 16:13:09', '2024-05-30 16:13:09'),
	(32, 20000, 1, 0, 32, '2024-05-30 16:15:26', '2024-05-30 16:15:26'),
	(33, 20000, 2, 0, 33, '2024-05-30 16:16:05', '2024-05-30 16:16:05'),
	(34, 20000, 3, 0, 34, '2024-05-30 16:17:09', '2024-05-30 16:17:09'),
	(35, 25900, 3, 0, 35, '2024-05-30 16:24:27', '2024-05-30 16:24:27'),
	(36, 25900, 3, 0, 36, '2024-05-30 16:24:58', '2024-05-30 16:24:58'),
	(37, 25900, 3, 0, 37, '2024-05-30 16:26:16', '2024-05-30 16:26:16'),
	(38, 25900, 1, 0, 38, '2024-05-30 16:26:41', '2024-05-30 16:26:41'),
	(39, 20100, 5, 0, 39, '2024-05-30 16:30:14', '2024-05-30 16:30:14'),
	(40, 17450, 3, 0, 40, '2024-05-30 16:31:46', '2024-05-30 16:31:46'),
	(41, 27200, 3, 0, 41, '2024-05-30 16:33:54', '2024-05-30 16:33:54'),
	(42, 27200, 4, 0, 42, '2024-05-30 16:34:39', '2024-05-30 16:34:39'),
	(43, 38650, 1, 0, 43, '2024-05-30 16:37:07', '2024-05-30 16:37:07'),
	(44, 16500, 1, 0, 44, '2024-05-30 16:38:35', '2024-05-30 16:38:35'),
	(45, 26300, 2, 0, 45, '2024-05-30 16:40:35', '2024-05-30 16:40:35'),
	(46, 25500, 1, 0, 46, '2024-05-30 16:41:15', '2024-05-30 16:41:15'),
	(47, 10500, 3, 0, 47, '2024-05-30 16:45:26', '2024-05-30 16:45:26'),
	(48, 44000, 2, 0, 48, '2024-05-30 16:47:19', '2024-05-30 16:47:19'),
	(49, 21500, 2, 0, 49, '2024-05-30 16:49:19', '2024-05-30 16:49:19'),
	(50, 28500, 3, 0, 50, '2024-05-30 16:50:51', '2024-05-30 16:50:51'),
	(51, 30600, 2, 0, 51, '2024-05-31 00:47:51', '2024-05-31 00:47:51'),
	(52, 30600, 4, 0, 52, '2024-05-31 00:49:01', '2024-05-31 00:49:01'),
	(53, 30500, 3, 0, 53, '2024-05-31 00:50:59', '2024-05-31 00:50:59'),
	(54, 20500, 2, 0, 54, '2024-05-31 00:54:11', '2024-05-31 00:54:11'),
	(55, 20000, 5, 0, 55, '2024-05-31 00:55:59', '2024-05-31 00:55:59'),
	(56, 24900, 2, 0, 56, '2024-05-31 00:58:22', '2024-05-31 00:58:22'),
	(57, 18000, 4, 0, 57, '2024-05-31 00:59:19', '2024-05-31 00:59:19'),
	(58, 18500, 3, 0, 58, '2024-05-31 01:00:45', '2024-05-31 01:00:45'),
	(59, 13500, 3, 0, 59, '2024-05-31 01:02:13', '2024-05-31 01:02:13'),
	(60, 13100, 4, 0, 60, '2024-05-31 01:03:01', '2024-05-31 01:03:01'),
	(61, 8000, 3, 0, 61, '2024-05-31 01:03:53', '2024-05-31 01:03:53'),
	(62, 8000, 2, 0, 62, '2024-05-31 01:04:28', '2024-05-31 01:04:28'),
	(63, 7000, 2, 0, 63, '2024-05-31 01:05:44', '2024-05-31 01:05:44'),
	(64, 19500, 3, 0, 64, '2024-05-31 01:06:35', '2024-05-31 01:06:35'),
	(65, 7500, 2, 0, 65, '2024-05-31 01:08:01', '2024-05-31 01:08:01'),
	(66, 8000, 2, 0, 66, '2024-05-31 01:08:55', '2024-05-31 01:08:55'),
	(67, 7000, 1, 0, 67, '2024-05-31 01:09:44', '2024-05-31 01:09:44'),
	(68, 15000, 2, 0, 68, '2024-05-31 01:10:13', '2024-05-31 01:10:13'),
	(69, 15500, 2, 0, 69, '2024-05-31 01:11:11', '2024-05-31 01:11:11'),
	(70, 14300, 1, 0, 70, '2024-05-31 01:11:50', '2024-05-31 01:11:50'),
	(71, 6800, 2, 0, 71, '2024-05-31 01:12:51', '2024-05-31 01:12:51'),
	(72, 28000, 1, 0, 72, '2024-05-31 01:13:46', '2024-05-31 01:13:46'),
	(73, 23600, 0, 0, 1, '2024-06-01 11:10:41', '2024-06-02 02:22:52'),
	(74, 24500, 0, 0, 1, '2024-06-01 11:13:05', '2024-06-02 04:07:51'),
	(75, 20000, 3, 0, 73, '2024-06-02 02:20:57', '2024-06-02 02:20:57'),
	(76, 24250, 0, 0, 1, '2024-06-02 02:32:17', '2024-06-02 02:46:13'),
	(77, 25000, 0, 0, 1, '2024-06-02 02:57:42', '2024-06-02 04:07:52'),
	(78, 24700, 0, 0, 1, '2024-06-02 03:00:15', '2024-06-02 03:12:09'),
	(79, 24350, 1, 0, 2, '2024-06-02 09:42:52', '2024-06-02 09:42:52'),
	(80, 24500, 2, 0, 2, '2024-06-02 09:43:40', '2024-06-02 09:43:40'),
	(81, 2400, 60, 0, 74, '2024-06-02 12:00:18', '2024-06-02 12:00:18'),
	(82, 1900, 59, 0, 75, '2024-06-02 12:01:32', '2024-06-02 12:01:32'),
	(83, 1875, 68, 0, 76, '2024-06-02 12:06:00', '2024-06-02 12:06:00'),
	(84, 2000, 90, 0, 77, '2024-06-02 12:09:53', '2024-06-02 12:09:53'),
	(85, 2000, 90, 0, 78, '2024-06-02 12:11:12', '2024-06-02 12:11:12'),
	(86, 4500, 45, 0, 79, '2024-06-02 12:12:39', '2024-06-02 12:12:39'),
	(87, 4200, 48, 0, 80, '2024-06-02 12:14:13', '2024-06-02 12:14:13'),
	(88, 4000, 5, 0, 81, '2024-06-02 12:15:26', '2024-06-02 12:15:26'),
	(89, 3000, 35, 0, 82, '2024-06-02 12:17:01', '2024-06-02 12:17:01'),
	(90, 6650, 6, 0, 83, '2024-06-02 12:19:49', '2024-06-02 12:19:49'),
	(91, 3425, 114, 0, 84, '2024-06-02 12:22:29', '2024-06-02 12:22:29'),
	(92, 2450, 36, 0, 85, '2024-06-02 12:26:55', '2024-06-02 12:26:55'),
	(93, 2450, 36, 0, 86, '2024-06-02 12:28:11', '2024-06-02 12:28:11'),
	(94, 3600, 11, 0, 87, '2024-06-02 12:29:54', '2024-06-02 12:29:54'),
	(95, 2550, 32, 0, 88, '2024-06-02 12:30:54', '2024-06-02 12:30:54'),
	(96, 4000, 10, 0, 89, '2024-06-02 12:32:44', '2024-06-02 12:32:44'),
	(97, 3500, 11, 0, 90, '2024-06-02 12:34:39', '2024-06-02 12:34:39'),
	(98, 1600, 228, 0, 91, '2024-06-02 12:36:55', '2024-06-02 12:36:55'),
	(99, 3200, 1, 0, 92, '2024-06-02 12:39:31', '2024-06-02 12:39:31'),
	(100, 4500, 39, 0, 93, '2024-06-02 12:41:46', '2024-06-02 12:41:46'),
	(101, 4500, 33, 0, 94, '2024-06-02 12:42:55', '2024-06-02 12:42:55'),
	(102, 4500, 29, 0, 95, '2024-06-02 12:43:39', '2024-06-02 12:43:39'),
	(103, 2500, 21, 0, 96, '2024-06-02 12:47:45', '2024-06-02 12:47:45'),
	(104, 2500, 5, 0, 97, '2024-06-02 12:48:17', '2024-06-02 12:48:17'),
	(105, 5800, 9, 0, 98, '2024-06-02 12:49:16', '2024-06-02 12:49:16'),
	(106, 5500, 13, 0, 99, '2024-06-02 12:51:53', '2024-06-02 12:51:53'),
	(107, 3200, 2, 0, 100, '2024-06-02 12:53:00', '2024-06-02 12:53:00'),
	(108, 6000, 4, 0, 101, '2024-06-02 12:55:26', '2024-06-02 12:55:26'),
	(109, 6000, 1, 0, 102, '2024-06-02 12:56:25', '2024-06-02 12:56:25'),
	(110, 9500, 5, 0, 103, '2024-06-02 12:58:52', '2024-06-02 12:58:52'),
	(111, 5550, 3, 0, 104, '2024-06-02 13:00:33', '2024-06-02 13:00:33'),
	(112, 6000, 2, 0, 105, '2024-06-02 13:01:37', '2024-06-02 13:01:37'),
	(113, 3500, 18, 0, 106, '2024-06-02 13:02:59', '2024-06-02 13:02:59'),
	(114, 5800, 6, 0, 107, '2024-06-02 13:06:19', '2024-06-02 13:06:19'),
	(115, 6500, 1, 0, 108, '2024-06-02 13:09:59', '2024-06-02 13:09:59'),
	(116, 6500, 2, 0, 109, '2024-06-02 13:10:35', '2024-06-02 13:10:35'),
	(117, 5500, 3, 0, 110, '2024-06-02 13:12:45', '2024-06-02 13:12:45'),
	(118, 5500, 7, 0, 111, '2024-06-02 13:13:49', '2024-06-02 13:13:49'),
	(119, 6800, 3, 0, 112, '2024-06-02 13:16:59', '2024-06-02 13:16:59'),
	(120, 7500, 1, 0, 113, '2024-06-02 13:18:40', '2024-06-02 13:18:40'),
	(121, 6000, 2, 0, 114, '2024-06-02 13:19:27', '2024-06-02 13:19:27'),
	(122, 6000, 1, 0, 115, '2024-06-02 13:20:10', '2024-06-02 13:20:10'),
	(123, 7000, 5, 0, 116, '2024-06-02 13:20:55', '2024-06-02 13:20:55'),
	(124, 4500, 2, 0, 117, '2024-06-02 13:21:51', '2024-06-02 13:21:51'),
	(125, 4500, 23, 0, 118, '2024-06-02 13:22:58', '2024-06-02 13:22:58'),
	(126, 4500, 2, 0, 119, '2024-06-02 13:23:38', '2024-06-02 13:23:38'),
	(127, 5800, 6, 0, 120, '2024-06-02 13:24:38', '2024-06-02 13:24:38'),
	(128, 5500, 2, 0, 121, '2024-06-02 13:25:51', '2024-06-02 13:25:51'),
	(129, 5500, 1, 0, 122, '2024-06-02 13:26:35', '2024-06-02 13:26:35'),
	(130, 5500, 4, 0, 123, '2024-06-02 13:27:22', '2024-06-02 13:27:22'),
	(131, 5500, 1, 0, 124, '2024-06-02 13:29:45', '2024-06-02 13:29:45'),
	(132, 5500, 1, 0, 125, '2024-06-02 13:30:23', '2024-06-02 13:30:23'),
	(133, 5500, 1, 0, 126, '2024-06-02 13:31:01', '2024-06-02 13:31:01'),
	(134, 5500, 1, 0, 127, '2024-06-02 13:32:56', '2024-06-02 13:32:56'),
	(135, 5500, 2, 0, 128, '2024-06-02 13:36:09', '2024-06-02 13:36:09'),
	(136, 2650, 2, 0, 129, '2024-06-02 13:39:02', '2024-06-02 13:39:02'),
	(137, 2650, 15, 0, 130, '2024-06-02 13:39:43', '2024-06-02 13:39:43'),
	(138, 2500, 12, 0, 131, '2024-06-02 13:47:32', '2024-06-02 13:47:32'),
	(139, 2500, 8, 0, 132, '2024-06-02 13:48:08', '2024-06-02 13:48:08'),
	(140, 2500, 12, 0, 133, '2024-06-02 13:48:47', '2024-06-02 13:48:47'),
	(141, 2500, 10, 0, 134, '2024-06-02 13:49:35', '2024-06-02 13:49:35'),
	(142, 2500, 9, 0, 135, '2024-06-02 13:50:11', '2024-06-02 13:50:11'),
	(143, 2000, 3, 0, 136, '2024-06-02 13:58:48', '2024-06-02 13:58:48'),
	(144, 6350, 3, 0, 137, '2024-06-08 10:40:25', '2024-06-08 10:40:25'),
	(145, 6350, 3, 0, 138, '2024-06-08 10:41:33', '2024-06-08 10:41:33'),
	(146, 5600, 5, 0, 139, '2024-06-08 10:45:42', '2024-06-08 10:45:42'),
	(147, 3675, 6, 0, 140, '2024-06-08 10:48:10', '2024-06-08 10:48:10'),
	(148, 11750, 3, 0, 141, '2024-06-08 10:55:09', '2024-06-08 10:55:09'),
	(149, 11750, 4, 0, 142, '2024-06-08 10:58:56', '2024-06-08 10:58:56'),
	(150, 11750, 3, 0, 143, '2024-06-08 11:00:44', '2024-06-08 11:00:44'),
	(151, 11750, 3, 0, 144, '2024-06-08 11:01:26', '2024-06-08 11:01:26'),
	(152, 3225, 10, 0, 145, '2024-06-08 11:05:14', '2024-06-08 11:05:14'),
	(153, 5850, 10, 0, 146, '2024-06-08 11:09:14', '2024-06-08 11:09:14'),
	(154, 4400, 10, 0, 147, '2024-06-08 11:12:39', '2024-06-08 11:12:39'),
	(155, 4625, 24, 0, 148, '2024-06-08 11:17:56', '2024-06-08 11:17:56'),
	(156, 4625, 24, 0, 149, '2024-06-08 11:18:43', '2024-06-08 11:18:43'),
	(157, 4625, 24, 0, 150, '2024-06-08 11:19:17', '2024-06-08 11:19:17'),
	(158, 4700, 4, 0, 151, '2024-06-08 11:21:52', '2024-06-08 11:21:52'),
	(159, 4700, 3, 0, 152, '2024-06-08 11:22:21', '2024-06-08 11:22:21'),
	(160, 6250, 10, 0, 153, '2024-06-08 11:33:07', '2024-06-08 11:33:07'),
	(161, 6250, 3, 0, 154, '2024-06-08 11:34:00', '2024-06-08 11:34:00'),
	(162, 9300, 4, 0, 155, '2024-06-08 13:03:01', '2024-06-08 13:03:01'),
	(163, 9300, 4, 0, 156, '2024-06-08 13:04:07', '2024-06-08 13:04:07'),
	(164, 9300, 4, 0, 157, '2024-06-08 13:10:30', '2024-06-08 13:10:30'),
	(165, 8300, 4, 0, 158, '2024-06-08 13:17:40', '2024-06-08 13:17:40'),
	(166, 8300, 4, 0, 159, '2024-06-08 13:18:42', '2024-06-08 13:18:42'),
	(167, 8300, 4, 0, 160, '2024-06-08 13:20:13', '2024-06-08 13:20:13'),
	(168, 3700, 10, 0, 161, '2024-06-08 13:21:32', '2024-06-08 13:21:32'),
	(169, 1650, 24, 0, 162, '2024-06-08 13:36:38', '2024-06-08 13:36:38'),
	(170, 1700, 24, 0, 163, '2024-06-08 13:38:32', '2024-06-08 13:38:32'),
	(171, 1725, 24, 0, 164, '2024-06-08 13:55:04', '2024-06-08 13:55:04'),
	(172, 2100, 20, 0, 165, '2024-06-08 14:06:47', '2024-06-08 14:06:47'),
	(173, 2200, 20, 0, 166, '2024-06-08 14:09:10', '2024-06-08 14:09:10'),
	(174, 2900, 19, 0, 167, '2024-06-08 14:12:10', '2024-06-08 14:12:10'),
	(175, 9500, 3, 0, 168, '2024-06-09 10:04:28', '2024-06-09 10:04:28'),
	(176, 6300, 6, 0, 169, '2024-06-09 10:06:21', '2024-06-09 10:06:21'),
	(177, 1600, 40, 0, 170, '2024-06-09 10:16:39', '2024-06-09 10:16:39'),
	(178, 1600, 20, 0, 171, '2024-06-09 10:17:15', '2024-06-09 10:17:15'),
	(179, 1700, 20, 0, 172, '2024-06-09 10:19:50', '2024-06-09 10:19:50'),
	(180, 3200, 12, 0, 173, '2024-06-09 10:22:09', '2024-06-09 10:22:09'),
	(181, 3200, 12, 0, 174, '2024-06-09 10:23:02', '2024-06-09 10:23:02'),
	(182, 3200, 12, 0, 175, '2024-06-09 10:23:47', '2024-06-09 10:23:47'),
	(183, 10600, 3, 0, 176, '2024-06-09 10:25:54', '2024-06-09 10:25:54'),
	(184, 2300, 10, 0, 177, '2024-06-09 10:27:08', '2024-06-09 10:27:08'),
	(185, 2800, 4, 0, 178, '2024-06-09 10:52:19', '2024-06-09 10:52:19'),
	(186, 4350, 4, 0, 179, '2024-06-09 10:53:38', '2024-06-09 10:53:38'),
	(187, 4350, 4, 0, 180, '2024-06-09 10:56:31', '2024-06-09 10:56:31'),
	(188, 4350, 4, 0, 181, '2024-06-09 10:57:46', '2024-06-09 10:57:46'),
	(189, 4350, 4, 0, 182, '2024-06-09 10:58:41', '2024-06-09 10:58:41'),
	(190, 4350, 4, 0, 183, '2024-06-09 10:59:54', '2024-06-09 10:59:54'),
	(191, 4100, 3, 0, 184, '2024-06-09 11:01:01', '2024-06-09 11:01:01'),
	(192, 4100, 4, 0, 185, '2024-06-09 11:02:04', '2024-06-09 11:02:04'),
	(193, 4100, 4, 0, 186, '2024-06-09 11:03:03', '2024-06-09 11:03:03'),
	(194, 1450, 36, 0, 187, '2024-06-09 11:06:31', '2024-06-09 11:06:31'),
	(195, 750, 78, 0, 188, '2024-06-09 11:10:28', '2024-06-09 11:10:28'),
	(196, 825, 12, 0, 189, '2024-06-09 11:12:19', '2024-06-09 11:12:19'),
	(197, 9000, 24, 0, 190, '2024-06-09 11:16:22', '2024-06-09 11:16:22'),
	(198, 950, 16, 0, 191, '2024-06-09 11:17:21', '2024-06-09 11:17:21'),
	(199, 950, 23, 0, 192, '2024-06-09 11:18:02', '2024-06-09 11:18:02'),
	(200, 950, 3, 0, 193, '2024-06-09 11:18:43', '2024-06-09 11:18:43'),
	(201, 5450, 3, 0, 194, '2024-06-09 11:21:30', '2024-06-09 11:21:30'),
	(202, 5450, 3, 0, 195, '2024-06-09 11:22:19', '2024-06-09 11:22:19'),
	(203, 5450, 3, 0, 196, '2024-06-09 11:23:18', '2024-06-09 11:23:18'),
	(204, 5450, 3, 0, 197, '2024-06-09 11:23:54', '2024-06-09 11:23:54'),
	(205, 1650, 10, 0, 198, '2024-06-09 11:25:00', '2024-06-09 11:25:00'),
	(206, 5450, 2, 0, 199, '2024-06-09 11:25:39', '2024-06-09 11:25:39'),
	(207, 5450, 2, 0, 200, '2024-06-09 11:26:09', '2024-06-09 11:26:09'),
	(208, 2725, 20, 0, 201, '2024-06-09 11:28:41', '2024-06-09 11:28:41'),
	(209, 2725, 20, 0, 202, '2024-06-09 11:29:36', '2024-06-09 11:29:36'),
	(210, 3500, 22, 0, 203, '2024-06-09 11:30:42', '2024-06-09 11:30:42'),
	(211, 2700, 40, 0, 204, '2024-06-09 11:33:30', '2024-06-09 11:33:30'),
	(212, 3375, 24, 0, 205, '2024-06-09 11:35:25', '2024-06-09 11:35:25'),
	(213, 3375, 24, 0, 132, '2024-06-09 11:36:31', '2024-06-09 11:36:31'),
	(214, 2600, 24, 0, 97, '2024-06-09 11:38:55', '2024-06-09 11:38:55'),
	(215, 850, 24, 0, 206, '2024-06-09 11:41:15', '2024-06-09 11:41:15'),
	(216, 1400, 24, 0, 207, '2024-06-09 11:43:25', '2024-06-09 11:43:25'),
	(217, 3400, 12, 0, 87, '2024-06-09 11:46:43', '2024-06-09 11:46:43'),
	(218, 3400, 24, 0, 208, '2024-06-09 11:47:44', '2024-06-09 11:47:44'),
	(219, 3300, 24, 0, 90, '2024-06-09 11:53:24', '2024-06-09 11:53:24'),
	(220, 3300, 24, 0, 209, '2024-06-09 11:54:35', '2024-06-09 11:54:35'),
	(221, 4400, 12, 0, 210, '2024-06-09 11:56:18', '2024-06-09 11:56:18'),
	(222, 3300, 12, 0, 211, '2024-06-09 11:57:51', '2024-06-09 11:57:51'),
	(223, 3300, 12, 0, 212, '2024-06-09 11:58:38', '2024-06-09 11:58:38'),
	(224, 27300, 3, 0, 213, '2024-06-09 12:00:36', '2024-06-09 12:00:36'),
	(225, 26500, 3, 0, 214, '2024-06-09 12:01:17', '2024-06-09 12:01:17'),
	(226, 10900, 3, 0, 215, '2024-06-09 12:04:05', '2024-06-09 12:04:05'),
	(227, 10900, 3, 0, 216, '2024-06-09 12:04:52', '2024-06-09 12:04:52'),
	(228, 10900, 3, 0, 217, '2024-06-09 12:05:27', '2024-06-09 12:05:27'),
	(229, 3600, 3, 0, 218, '2024-06-09 12:08:14', '2024-06-09 12:08:14'),
	(230, 3600, 3, 0, 219, '2024-06-09 12:08:52', '2024-06-09 12:08:52'),
	(231, 3600, 3, 0, 220, '2024-06-09 12:09:42', '2024-06-09 12:09:42'),
	(232, 3600, 3, 0, 221, '2024-06-09 12:10:23', '2024-06-09 12:10:23'),
	(233, 800, 36, 0, 222, '2024-06-09 12:16:21', '2024-06-09 12:16:21'),
	(234, 800, 36, 0, 223, '2024-06-09 12:17:24', '2024-06-09 12:17:24'),
	(235, 800, 36, 0, 224, '2024-06-09 12:18:07', '2024-06-09 12:18:07'),
	(236, 470, 30, 0, 225, '2024-06-09 12:21:49', '2024-06-09 12:21:49'),
	(237, 470, 30, 0, 226, '2024-06-09 12:23:08', '2024-06-09 12:23:08'),
	(238, 3800, 3, 0, 227, '2024-06-09 12:56:17', '2024-06-09 12:56:17'),
	(239, 3800, 4, 0, 228, '2024-06-09 12:58:02', '2024-06-09 12:58:02'),
	(240, 3700, 3, 0, 229, '2024-06-09 13:01:16', '2024-06-09 13:01:16'),
	(241, 6400, 5, 0, 230, '2024-06-09 13:23:36', '2024-06-09 13:23:36'),
	(242, 4800, 12, 0, 231, '2024-06-09 13:27:06', '2024-06-09 13:27:06'),
	(243, 4825, 12, 0, 232, '2024-06-09 13:28:15', '2024-06-09 13:28:15'),
	(244, 4350, 10, 0, 233, '2024-06-09 13:33:24', '2024-06-09 13:33:24'),
	(245, 4350, 10, 0, 234, '2024-06-09 13:33:59', '2024-06-09 13:33:59'),
	(246, 4350, 10, 0, 235, '2024-06-09 13:34:30', '2024-06-09 13:34:30'),
	(247, 2800, 20, 0, 236, '2024-06-09 13:40:26', '2024-06-09 13:40:26'),
	(248, 2000, 20, 0, 237, '2024-06-09 13:41:43', '2024-06-09 13:41:43'),
	(249, 2000, 20, 0, 238, '2024-06-09 13:42:19', '2024-06-09 13:42:19'),
	(250, 2900, 20, 0, 239, '2024-06-09 13:47:04', '2024-06-09 13:47:04'),
	(251, 2750, 20, 0, 240, '2024-06-09 13:47:59', '2024-06-09 13:47:59'),
	(252, 2800, 10, 0, 241, '2024-06-09 13:49:34', '2024-06-09 13:49:34'),
	(253, 8100, 5, 0, 242, '2024-06-09 14:26:23', '2024-06-09 14:26:23'),
	(254, 5500, 5, 0, 243, '2024-06-09 14:27:19', '2024-06-09 14:27:19'),
	(255, 7600, 5, 0, 244, '2024-06-09 14:28:36', '2024-06-09 14:28:36'),
	(256, 4800, 5, 0, 245, '2024-06-09 14:30:41', '2024-06-09 14:30:41'),
	(257, 2800, 4, 0, 246, '2024-06-09 14:38:39', '2024-06-09 14:38:39'),
	(258, 2800, 12, 0, 247, '2024-06-09 14:39:36', '2024-06-09 14:39:36'),
	(259, 6600, 3, 0, 248, '2024-06-09 14:43:08', '2024-06-09 14:43:08'),
	(260, 7500, 3, 0, 249, '2024-06-09 14:44:19', '2024-06-09 14:44:19'),
	(261, 2750, 20, 0, 250, '2024-06-10 07:19:50', '2024-06-10 07:19:50'),
	(262, 2800, 20, 0, 251, '2024-06-10 07:22:08', '2024-06-10 07:22:08'),
	(263, 4200, 12, 0, 252, '2024-06-10 09:44:37', '2024-06-10 09:44:37'),
	(264, 425, 100, 0, 253, '2024-06-10 09:46:08', '2024-06-10 09:46:08'),
	(265, 850, 50, 0, 254, '2024-06-10 09:47:13', '2024-06-10 09:47:13'),
	(266, 2200, 8, 0, 255, '2024-06-10 09:55:08', '2024-06-10 09:55:08'),
	(267, 1100, 12, 0, 256, '2024-06-10 09:58:49', '2024-06-10 09:58:49'),
	(268, 1100, 10, 0, 257, '2024-06-10 10:05:01', '2024-06-10 10:05:01'),
	(269, 3500, 2, 0, 258, '2024-06-10 10:08:29', '2024-06-10 10:08:29'),
	(270, 7800, 8, 0, 259, '2024-06-10 10:22:49', '2024-06-10 10:22:49'),
	(271, 7350, 5, 0, 260, '2024-06-10 10:24:41', '2024-06-10 10:24:41'),
	(272, 9500, 10, 0, 261, '2024-06-10 10:40:41', '2024-06-10 10:40:41'),
	(273, 8500, 5, 0, 262, '2024-06-10 10:43:57', '2024-06-10 10:43:57'),
	(274, 7500, 6, 0, 263, '2024-06-10 10:45:07', '2024-06-10 10:45:07'),
	(275, 1500, 20, 0, 264, '2024-06-10 10:48:41', '2024-06-10 10:48:41'),
	(276, 1500, 16, 0, 265, '2024-06-10 10:49:42', '2024-06-10 10:49:42'),
	(277, 2000, 55, 0, 266, '2024-06-10 10:54:20', '2024-06-10 10:54:20'),
	(278, 2000, 35, 0, 267, '2024-06-10 10:55:58', '2024-06-10 10:55:58'),
	(279, 2000, 19, 0, 268, '2024-06-10 10:56:45', '2024-06-10 10:56:45'),
	(280, 3500, 6, 0, 269, '2024-06-12 00:52:41', '2024-06-12 00:52:41'),
	(281, 3500, 9, 0, 270, '2024-06-12 00:53:38', '2024-06-12 00:53:38'),
	(282, 2100, 15, 0, 271, '2024-06-12 00:54:49', '2024-06-12 00:54:49'),
	(283, 2100, 4, 0, 272, '2024-06-12 00:55:55', '2024-06-12 00:55:55'),
	(284, 1300, 24, 0, 273, '2024-06-12 00:57:06', '2024-06-12 00:57:06'),
	(285, 2300, 12, 0, 274, '2024-06-12 00:58:21', '2024-06-12 00:58:21'),
	(286, 1800, 14, 0, 275, '2024-06-12 00:59:41', '2024-06-12 00:59:41'),
	(287, 3800, 18, 0, 276, '2024-06-12 01:05:31', '2024-06-12 01:05:31'),
	(288, 2100, 19, 0, 277, '2024-06-12 01:06:35', '2024-06-12 01:06:35'),
	(289, 2200, 13, 0, 278, '2024-06-12 01:09:19', '2024-06-12 01:09:19'),
	(290, 2200, 8, 0, 279, '2024-06-12 01:10:52', '2024-06-12 01:10:52'),
	(291, 1200, 105, 0, 280, '2024-06-12 01:13:46', '2024-06-12 01:13:46'),
	(292, 1200, 95, 0, 281, '2024-06-12 01:14:39', '2024-06-12 01:14:39'),
	(293, 1200, 58, 0, 282, '2024-06-12 01:15:24', '2024-06-12 01:15:24'),
	(294, 1200, 67, 0, 283, '2024-06-12 01:15:59', '2024-06-12 01:15:59'),
	(295, 1200, 35, 0, 284, '2024-06-12 01:16:37', '2024-06-12 01:16:37'),
	(296, 1200, 62, 0, 285, '2024-06-12 01:17:16', '2024-06-12 01:17:16'),
	(297, 1200, 22, 0, 286, '2024-06-12 01:17:58', '2024-06-12 01:17:58'),
	(298, 1300, 1, 0, 287, '2024-06-12 01:22:08', '2024-06-12 01:22:08'),
	(299, 1200, 14, 0, 288, '2024-06-12 01:24:17', '2024-06-12 01:24:17'),
	(300, 1800, 9, 0, 289, '2024-06-12 01:25:32', '2024-06-12 01:25:32'),
	(301, 1350, 19, 0, 290, '2024-06-12 01:26:34', '2024-06-12 01:26:34'),
	(302, 1250, 20, 0, 291, '2024-06-12 01:27:46', '2024-06-12 01:27:46'),
	(303, 1200, 51, 0, 292, '2024-06-12 01:28:38', '2024-06-12 01:28:38'),
	(304, 1250, 5, 0, 293, '2024-06-12 01:39:29', '2024-06-12 01:39:29'),
	(305, 1200, 5, 0, 294, '2024-06-12 01:40:59', '2024-06-12 01:40:59'),
	(306, 3000, 4, 0, 295, '2024-06-12 10:00:46', '2024-06-12 10:00:46'),
	(307, 3000, 6, 0, 296, '2024-06-12 10:01:29', '2024-06-12 10:01:29'),
	(308, 3000, 5, 0, 297, '2024-06-12 10:03:18', '2024-06-12 10:03:18'),
	(309, 13800, 3, 0, 298, '2024-06-12 10:04:57', '2024-06-12 10:04:57'),
	(310, 1200, 9, 0, 299, '2024-06-12 10:05:54', '2024-06-12 10:05:54'),
	(311, 1300, 11, 0, 300, '2024-06-12 10:07:15', '2024-06-12 10:07:15'),
	(312, 1700, 14, 0, 301, '2024-06-12 10:09:22', '2024-06-12 10:09:22'),
	(313, 1800, 9, 0, 302, '2024-06-12 10:10:14', '2024-06-12 10:10:14'),
	(314, 1200, 34, 0, 303, '2024-06-12 10:11:40', '2024-06-12 10:11:40'),
	(315, 3500, 7, 0, 304, '2024-06-12 10:14:03', '2024-06-12 10:14:03'),
	(316, 2250, 12, 0, 305, '2024-06-12 10:14:49', '2024-06-12 10:14:49'),
	(317, 1700, 4, 0, 306, '2024-06-12 10:16:01', '2024-06-12 10:16:01'),
	(318, 2100, 14, 0, 307, '2024-06-12 10:16:34', '2024-06-12 10:16:34'),
	(319, 1300, 3, 0, 308, '2024-06-12 10:17:34', '2024-06-12 10:17:34'),
	(320, 800, 12, 0, 309, '2024-06-12 10:18:45', '2024-06-12 10:18:45'),
	(321, 1800, 17, 0, 310, '2024-06-12 10:19:28', '2024-06-12 10:19:28'),
	(322, 800, 28, 0, 311, '2024-06-12 10:20:34', '2024-06-12 10:20:34'),
	(323, 1300, 2, 0, 312, '2024-06-12 10:21:41', '2024-06-12 10:21:41'),
	(324, 2500, 25, 0, 313, '2024-06-12 10:23:04', '2024-06-12 10:23:04'),
	(325, 2400, 4, 0, 314, '2024-06-12 10:26:01', '2024-06-12 10:26:01'),
	(326, 1200, 12, 0, 315, '2024-06-12 10:36:13', '2024-06-12 10:36:13'),
	(327, 3800, 4, 0, 316, '2024-06-12 10:44:09', '2024-06-12 10:44:09'),
	(328, 2900, 1, 0, 317, '2024-06-12 10:45:53', '2024-06-12 10:45:53'),
	(329, 2900, 12, 0, 318, '2024-06-12 10:47:39', '2024-06-12 10:47:39'),
	(330, 2900, 2, 0, 319, '2024-06-12 10:48:48', '2024-06-12 10:48:48'),
	(331, 3300, 2, 0, 320, '2024-06-12 10:51:07', '2024-06-12 10:51:07'),
	(332, 1900, 20, 0, 321, '2024-06-12 10:53:09', '2024-06-12 10:53:09'),
	(333, 2900, 12, 0, 322, '2024-06-12 10:54:49', '2024-06-12 10:54:49'),
	(334, 2900, 19, 0, 323, '2024-06-12 10:56:02', '2024-06-12 10:56:02'),
	(335, 2900, 19, 0, 324, '2024-06-12 10:56:51', '2024-06-12 10:56:51'),
	(336, 2900, 10, 0, 325, '2024-06-12 10:57:53', '2024-06-12 10:57:53'),
	(337, 2800, 2, 0, 326, '2024-06-12 10:59:18', '2024-06-12 10:59:18'),
	(338, 2800, 10, 0, 327, '2024-06-12 11:00:22', '2024-06-12 11:00:22'),
	(339, 2900, 20, 0, 328, '2024-06-12 11:01:21', '2024-06-12 11:01:21'),
	(340, 2900, 17, 0, 329, '2024-06-12 11:02:35', '2024-06-12 11:02:35'),
	(341, 2900, 14, 0, 330, '2024-06-12 11:03:31', '2024-06-12 11:03:31'),
	(342, 2900, 11, 0, 331, '2024-06-12 11:04:16', '2024-06-12 11:04:16'),
	(343, 2900, 12, 0, 332, '2024-06-12 11:05:28', '2024-06-12 11:05:28'),
	(344, 2900, 16, 0, 333, '2024-06-12 11:06:12', '2024-06-12 11:06:12'),
	(345, 2900, 18, 0, 334, '2024-06-12 11:07:37', '2024-06-12 11:07:37'),
	(346, 2900, 31, 0, 335, '2024-06-12 11:08:27', '2024-06-12 11:08:27'),
	(347, 750, 12, 0, 336, '2024-06-12 11:16:11', '2024-06-12 11:16:11'),
	(348, 1800, 30, 0, 337, '2024-06-12 11:20:24', '2024-06-12 11:20:24'),
	(349, 1900, 11, 0, 338, '2024-06-12 11:22:18', '2024-06-12 11:22:18');

-- Dumping structure for table laravel.produk_kategori
DROP TABLE IF EXISTS `produk_kategori`;
CREATE TABLE IF NOT EXISTS `produk_kategori` (
  `id` bigint unsigned NOT NULL AUTO_INCREMENT,
  `kategori` char(50) COLLATE utf8mb4_unicode_ci NOT NULL,
  `thumbnail` varchar(255) COLLATE utf8mb4_unicode_ci DEFAULT NULL,
  `is_active` enum('Y','N') COLLATE utf8mb4_unicode_ci NOT NULL DEFAULT 'Y',
  `created_at` timestamp NULL DEFAULT NULL,
  `updated_at` timestamp NULL DEFAULT NULL,
  PRIMARY KEY (`id`)
) ENGINE=InnoDB AUTO_INCREMENT=13 DEFAULT CHARSET=utf8mb4 COLLATE=utf8mb4_unicode_ci;

-- Dumping data for table laravel.produk_kategori: ~12 rows (approximately)
INSERT INTO `produk_kategori` (`id`, `kategori`, `thumbnail`, `is_active`, `created_at`, `updated_at`) VALUES
	(1, 'SNACK', NULL, 'Y', '2024-05-23 09:23:03', '2024-05-30 15:41:05'),
	(2, 'MINUMAN', NULL, 'Y', '2024-05-23 09:23:03', '2024-05-30 15:40:53'),
	(3, 'ROKOK', NULL, 'Y', '2024-05-23 09:23:03', '2024-05-30 15:40:38'),
	(4, 'PERALATAN MANDI', NULL, 'Y', '2024-05-23 09:23:03', '2024-05-30 15:43:10'),
	(5, 'OBAT-OBATAN', NULL, 'Y', '2024-05-30 15:43:24', '2024-05-30 15:43:24'),
	(6, 'PERALATAN KEBERSIHAN', NULL, 'Y', '2024-05-30 15:43:43', '2024-05-30 15:43:43'),
	(7, 'KOSMETIK', NULL, 'Y', '2024-05-30 15:43:52', '2024-05-30 15:43:52'),
	(8, 'SEMBAKO', NULL, 'Y', '2024-05-30 15:44:00', '2024-05-30 15:44:00'),
	(9, 'BUMBU DAPUR', NULL, 'Y', '2024-06-09 11:14:36', '2024-06-09 11:14:36'),
	(10, 'LAIN-LAIN', NULL, 'Y', '2024-06-10 10:02:49', '2024-06-10 10:02:49'),
	(11, 'PERLENGKAPAN', NULL, 'Y', '2024-06-10 10:03:01', '2024-06-10 10:03:01'),
	(12, 'ALAT TULIS', NULL, 'Y', '2024-06-10 10:03:43', '2024-06-10 10:03:43');

-- Dumping structure for table laravel.produk_supplier_history
DROP TABLE IF EXISTS `produk_supplier_history`;
CREATE TABLE IF NOT EXISTS `produk_supplier_history` (
  `id` bigint unsigned NOT NULL AUTO_INCREMENT,
  `harga_beli` int DEFAULT '0',
  `stok` int DEFAULT '0',
  `produk_id` bigint unsigned NOT NULL,
  `supplier_id` bigint unsigned NOT NULL,
  `created_at` timestamp NULL DEFAULT NULL,
  `updated_at` timestamp NULL DEFAULT NULL,
  PRIMARY KEY (`id`),
  KEY `produk_supplier_history_produk_id_foreign` (`produk_id`),
  KEY `produk_supplier_history_supplier_id_foreign` (`supplier_id`),
  CONSTRAINT `produk_supplier_history_produk_id_foreign` FOREIGN KEY (`produk_id`) REFERENCES `produk` (`id`) ON DELETE CASCADE,
  CONSTRAINT `produk_supplier_history_supplier_id_foreign` FOREIGN KEY (`supplier_id`) REFERENCES `supplier` (`id`) ON DELETE CASCADE
) ENGINE=InnoDB AUTO_INCREMENT=354 DEFAULT CHARSET=utf8mb4 COLLATE=utf8mb4_unicode_ci;

-- Dumping data for table laravel.produk_supplier_history: ~353 rows (approximately)
INSERT INTO `produk_supplier_history` (`id`, `harga_beli`, `stok`, `produk_id`, `supplier_id`, `created_at`, `updated_at`) VALUES
	(1, 24300, 3, 1, 1, '2024-05-30 14:27:17', '2024-05-30 14:27:17'),
	(2, 24250, 5, 2, 1, '2024-05-30 14:30:44', '2024-05-30 14:30:44'),
	(3, 23200, 5, 3, 1, '2024-05-30 14:35:44', '2024-05-30 14:35:44'),
	(4, 14500, 4, 4, 1, '2024-05-30 14:40:42', '2024-05-30 14:40:42'),
	(5, 31650, 2, 5, 1, '2024-05-30 14:43:44', '2024-05-30 14:43:44'),
	(6, 27250, 1, 6, 2, '2024-05-30 14:45:47', '2024-05-30 14:45:47'),
	(7, 23800, 3, 7, 1, '2024-05-30 14:47:14', '2024-05-30 14:47:14'),
	(8, 20500, 2, 8, 1, '2024-05-30 14:56:30', '2024-05-30 14:56:30'),
	(9, 14500, 3, 9, 3, '2024-05-30 15:04:39', '2024-05-30 15:04:39'),
	(10, 14500, 2, 10, 1, '2024-05-30 15:09:00', '2024-05-30 15:09:00'),
	(11, 13300, 4, 11, 1, '2024-05-30 15:13:27', '2024-05-30 15:13:27'),
	(12, 14300, 3, 12, 1, '2024-05-30 15:25:09', '2024-05-30 15:25:09'),
	(13, 13500, 3, 13, 1, '2024-05-30 15:27:12', '2024-05-30 15:27:12'),
	(14, 23500, 1, 14, 1, '2024-05-30 15:29:56', '2024-05-30 15:29:56'),
	(15, 29000, 1, 15, 1, '2024-05-30 15:31:08', '2024-05-30 15:31:08'),
	(16, 10500, 11, 16, 3, '2024-05-30 15:32:47', '2024-05-30 15:32:47'),
	(17, 16000, 10, 17, 3, '2024-05-30 15:35:21', '2024-05-30 15:35:21'),
	(18, 22500, 3, 18, 1, '2024-05-30 15:38:58', '2024-05-30 15:38:58'),
	(19, 22500, 2, 19, 1, '2024-05-30 15:39:34', '2024-05-30 15:39:34'),
	(20, 15000, 3, 20, 1, '2024-05-30 15:40:19', '2024-05-30 15:40:19'),
	(21, 15000, 1, 21, 1, '2024-05-30 15:46:05', '2024-05-30 15:46:05'),
	(22, 17000, 2, 22, 1, '2024-05-30 15:50:18', '2024-05-30 15:50:18'),
	(23, 14500, 3, 23, 1, '2024-05-30 15:51:32', '2024-05-30 15:51:32'),
	(24, 22900, 2, 24, 1, '2024-05-30 15:54:50', '2024-05-30 15:54:50'),
	(25, 1850, 40, 25, 1, '2024-05-30 15:56:49', '2024-05-30 15:56:49'),
	(26, 26800, 3, 26, 1, '2024-05-30 16:03:11', '2024-05-30 16:03:11'),
	(27, 26200, 1, 27, 1, '2024-05-30 16:04:00', '2024-05-30 16:04:00'),
	(28, 21300, 2, 28, 2, '2024-05-30 16:05:00', '2024-05-30 16:05:00'),
	(29, 15500, 7, 29, 1, '2024-05-30 16:07:13', '2024-05-30 16:07:13'),
	(30, 22500, 9, 30, 1, '2024-05-30 16:08:26', '2024-05-30 16:08:26'),
	(31, 15750, 3, 31, 2, '2024-05-30 16:13:09', '2024-05-30 16:13:09'),
	(32, 20000, 1, 32, 1, '2024-05-30 16:15:26', '2024-05-30 16:15:26'),
	(33, 20000, 2, 33, 1, '2024-05-30 16:16:05', '2024-05-30 16:16:05'),
	(34, 20000, 3, 34, 1, '2024-05-30 16:17:09', '2024-05-30 16:17:09'),
	(35, 25900, 3, 35, 1, '2024-05-30 16:24:27', '2024-05-30 16:24:27'),
	(36, 25900, 3, 36, 1, '2024-05-30 16:24:58', '2024-05-30 16:24:58'),
	(37, 25900, 3, 37, 1, '2024-05-30 16:26:16', '2024-05-30 16:26:16'),
	(38, 25900, 1, 38, 1, '2024-05-30 16:26:41', '2024-05-30 16:26:41'),
	(39, 20100, 5, 39, 2, '2024-05-30 16:30:14', '2024-05-30 16:30:14'),
	(40, 17450, 3, 40, 3, '2024-05-30 16:31:46', '2024-05-30 16:31:46'),
	(41, 27200, 3, 41, 1, '2024-05-30 16:33:54', '2024-05-30 16:33:54'),
	(42, 27200, 4, 42, 1, '2024-05-30 16:34:39', '2024-05-30 16:34:39'),
	(43, 38650, 1, 43, 3, '2024-05-30 16:37:07', '2024-05-30 16:37:07'),
	(44, 16500, 1, 44, 1, '2024-05-30 16:38:35', '2024-05-30 16:38:35'),
	(45, 26300, 2, 45, 1, '2024-05-30 16:40:35', '2024-05-30 16:40:35'),
	(46, 25500, 1, 46, 1, '2024-05-30 16:41:15', '2024-05-30 16:41:15'),
	(47, 10500, 3, 47, 1, '2024-05-30 16:45:26', '2024-05-30 16:45:26'),
	(48, 44000, 2, 48, 2, '2024-05-30 16:47:19', '2024-05-30 16:47:19'),
	(49, 21500, 2, 49, 1, '2024-05-30 16:49:19', '2024-05-30 16:49:19'),
	(50, 28500, 3, 50, 1, '2024-05-30 16:50:51', '2024-05-30 16:50:51'),
	(51, 30600, 2, 51, 1, '2024-05-31 00:47:51', '2024-05-31 00:47:51'),
	(52, 30600, 4, 52, 1, '2024-05-31 00:49:01', '2024-05-31 00:49:01'),
	(53, 30500, 3, 53, 1, '2024-05-31 00:50:59', '2024-05-31 00:50:59'),
	(54, 20500, 2, 54, 1, '2024-05-31 00:54:11', '2024-05-31 00:54:11'),
	(55, 20000, 5, 55, 1, '2024-05-31 00:55:59', '2024-05-31 00:55:59'),
	(56, 24900, 2, 56, 1, '2024-05-31 00:58:22', '2024-05-31 00:58:22'),
	(57, 18000, 4, 57, 1, '2024-05-31 00:59:20', '2024-05-31 00:59:20'),
	(58, 18500, 3, 58, 1, '2024-05-31 01:00:45', '2024-05-31 01:00:45'),
	(59, 13500, 3, 59, 1, '2024-05-31 01:02:13', '2024-05-31 01:02:13'),
	(60, 13100, 4, 60, 1, '2024-05-31 01:03:01', '2024-05-31 01:03:01'),
	(61, 8000, 3, 61, 1, '2024-05-31 01:03:53', '2024-05-31 01:03:53'),
	(62, 8000, 2, 62, 1, '2024-05-31 01:04:28', '2024-05-31 01:04:28'),
	(63, 7000, 2, 63, 1, '2024-05-31 01:05:44', '2024-05-31 01:05:44'),
	(64, 19500, 3, 64, 1, '2024-05-31 01:06:35', '2024-05-31 01:06:35'),
	(65, 7500, 2, 65, 1, '2024-05-31 01:08:01', '2024-05-31 01:08:01'),
	(66, 8000, 2, 66, 1, '2024-05-31 01:08:55', '2024-05-31 01:08:55'),
	(67, 7000, 1, 67, 2, '2024-05-31 01:09:44', '2024-05-31 01:09:44'),
	(68, 15000, 2, 68, 1, '2024-05-31 01:10:13', '2024-05-31 01:10:13'),
	(69, 15500, 2, 69, 1, '2024-05-31 01:11:11', '2024-05-31 01:11:11'),
	(70, 14300, 1, 70, 1, '2024-05-31 01:11:50', '2024-05-31 01:11:50'),
	(71, 6800, 2, 71, 1, '2024-05-31 01:12:51', '2024-05-31 01:12:51'),
	(72, 28000, 1, 72, 1, '2024-05-31 01:13:46', '2024-05-31 01:13:46'),
	(73, 23600, 3, 1, 4, '2024-06-01 11:10:41', '2024-06-01 11:10:41'),
	(74, 24500, 4, 1, 1, '2024-06-01 11:13:05', '2024-06-01 11:13:05'),
	(75, 20000, 3, 73, 1, '2024-06-02 02:20:57', '2024-06-02 02:20:57'),
	(76, 24250, 5, 1, 1, '2024-06-02 02:32:17', '2024-06-02 02:32:17'),
	(77, 24500, 2, 1, 4, '2024-06-02 02:35:50', '2024-06-02 02:35:50'),
	(78, 25000, 3, 1, 5, '2024-06-02 02:57:42', '2024-06-02 02:57:42'),
	(79, 24700, 2, 1, 1, '2024-06-02 03:00:15', '2024-06-02 03:00:15'),
	(80, 24500, 1, 1, 3, '2024-06-02 03:00:46', '2024-06-02 03:00:46'),
	(81, 25000, 1, 1, 1, '2024-06-02 04:06:38', '2024-06-02 04:06:38'),
	(82, 24500, 1, 1, 1, '2024-06-02 04:06:59', '2024-06-02 04:06:59'),
	(83, 24350, 1, 2, 1, '2024-06-02 09:42:52', '2024-06-02 09:42:52'),
	(84, 24500, 2, 2, 4, '2024-06-02 09:43:40', '2024-06-02 09:43:40'),
	(85, 2400, 60, 74, 6, '2024-06-02 12:00:18', '2024-06-02 12:00:18'),
	(86, 1900, 59, 75, 1, '2024-06-02 12:01:32', '2024-06-02 12:01:32'),
	(87, 1875, 68, 76, 6, '2024-06-02 12:06:00', '2024-06-02 12:06:00'),
	(88, 2000, 90, 77, 6, '2024-06-02 12:09:53', '2024-06-02 12:09:53'),
	(89, 2000, 90, 78, 6, '2024-06-02 12:11:12', '2024-06-02 12:11:12'),
	(90, 4500, 45, 79, 6, '2024-06-02 12:12:39', '2024-06-02 12:12:39'),
	(91, 4200, 48, 80, 6, '2024-06-02 12:14:13', '2024-06-02 12:14:13'),
	(92, 4000, 5, 81, 6, '2024-06-02 12:15:26', '2024-06-02 12:15:26'),
	(93, 3000, 35, 82, 6, '2024-06-02 12:17:01', '2024-06-02 12:17:01'),
	(94, 6650, 6, 83, 1, '2024-06-02 12:19:49', '2024-06-02 12:19:49'),
	(95, 3425, 114, 84, 7, '2024-06-02 12:22:29', '2024-06-02 12:22:29'),
	(96, 2450, 36, 85, 1, '2024-06-02 12:26:55', '2024-06-02 12:26:55'),
	(97, 2450, 36, 86, 1, '2024-06-02 12:28:11', '2024-06-02 12:28:11'),
	(98, 3600, 11, 87, 1, '2024-06-02 12:29:54', '2024-06-02 12:29:54'),
	(99, 2550, 32, 88, 1, '2024-06-02 12:30:55', '2024-06-02 12:30:55'),
	(100, 4000, 10, 89, 1, '2024-06-02 12:32:44', '2024-06-02 12:32:44'),
	(101, 3500, 11, 90, 1, '2024-06-02 12:34:39', '2024-06-02 12:34:39'),
	(102, 1600, 228, 91, 7, '2024-06-02 12:36:55', '2024-06-02 12:36:55'),
	(103, 3200, 1, 92, 1, '2024-06-02 12:39:31', '2024-06-02 12:39:31'),
	(104, 4500, 39, 93, 6, '2024-06-02 12:41:46', '2024-06-02 12:41:46'),
	(105, 4500, 33, 94, 6, '2024-06-02 12:42:55', '2024-06-02 12:42:55'),
	(106, 4500, 29, 95, 6, '2024-06-02 12:43:39', '2024-06-02 12:43:39'),
	(107, 2500, 21, 96, 1, '2024-06-02 12:47:45', '2024-06-02 12:47:45'),
	(108, 2500, 5, 97, 1, '2024-06-02 12:48:17', '2024-06-02 12:48:17'),
	(109, 5800, 9, 98, 1, '2024-06-02 12:49:16', '2024-06-02 12:49:16'),
	(110, 5500, 13, 99, 1, '2024-06-02 12:51:53', '2024-06-02 12:51:53'),
	(111, 3200, 2, 100, 5, '2024-06-02 12:53:00', '2024-06-02 12:53:00'),
	(112, 6000, 4, 101, 1, '2024-06-02 12:55:26', '2024-06-02 12:55:26'),
	(113, 6000, 1, 102, 1, '2024-06-02 12:56:25', '2024-06-02 12:56:25'),
	(114, 9500, 5, 103, 1, '2024-06-02 12:58:52', '2024-06-02 12:58:52'),
	(115, 5550, 3, 104, 1, '2024-06-02 13:00:33', '2024-06-02 13:00:33'),
	(116, 6000, 2, 105, 1, '2024-06-02 13:01:37', '2024-06-02 13:01:37'),
	(117, 3500, 18, 106, 1, '2024-06-02 13:02:59', '2024-06-02 13:02:59'),
	(118, 5800, 6, 107, 1, '2024-06-02 13:06:19', '2024-06-02 13:06:19'),
	(119, 6500, 1, 108, 1, '2024-06-02 13:09:59', '2024-06-02 13:09:59'),
	(120, 6500, 2, 109, 1, '2024-06-02 13:10:35', '2024-06-02 13:10:35'),
	(121, 5500, 3, 110, 1, '2024-06-02 13:12:45', '2024-06-02 13:12:45'),
	(122, 5500, 7, 111, 1, '2024-06-02 13:13:49', '2024-06-02 13:13:49'),
	(123, 6800, 3, 112, 1, '2024-06-02 13:16:59', '2024-06-02 13:16:59'),
	(124, 7500, 1, 113, 1, '2024-06-02 13:18:40', '2024-06-02 13:18:40'),
	(125, 6000, 2, 114, 1, '2024-06-02 13:19:27', '2024-06-02 13:19:27'),
	(126, 6000, 1, 115, 1, '2024-06-02 13:20:10', '2024-06-02 13:20:10'),
	(127, 7000, 5, 116, 1, '2024-06-02 13:20:55', '2024-06-02 13:20:55'),
	(128, 4500, 2, 117, 1, '2024-06-02 13:21:51', '2024-06-02 13:21:51'),
	(129, 4500, 23, 118, 1, '2024-06-02 13:22:58', '2024-06-02 13:22:58'),
	(130, 4500, 2, 119, 5, '2024-06-02 13:23:38', '2024-06-02 13:23:38'),
	(131, 5800, 6, 120, 1, '2024-06-02 13:24:38', '2024-06-02 13:24:38'),
	(132, 5500, 2, 121, 1, '2024-06-02 13:25:51', '2024-06-02 13:25:51'),
	(133, 5500, 1, 122, 4, '2024-06-02 13:26:35', '2024-06-02 13:26:35'),
	(134, 5500, 4, 123, 2, '2024-06-02 13:27:22', '2024-06-02 13:27:22'),
	(135, 5500, 1, 124, 1, '2024-06-02 13:29:45', '2024-06-02 13:29:45'),
	(136, 5500, 1, 125, 2, '2024-06-02 13:30:23', '2024-06-02 13:30:23'),
	(137, 5500, 1, 126, 2, '2024-06-02 13:31:01', '2024-06-02 13:31:01'),
	(138, 5500, 1, 127, 2, '2024-06-02 13:32:56', '2024-06-02 13:32:56'),
	(139, 5500, 2, 128, 2, '2024-06-02 13:36:09', '2024-06-02 13:36:09'),
	(140, 2650, 2, 129, 6, '2024-06-02 13:39:02', '2024-06-02 13:39:02'),
	(141, 2650, 15, 130, 6, '2024-06-02 13:39:43', '2024-06-02 13:39:43'),
	(142, 2500, 12, 131, 6, '2024-06-02 13:47:32', '2024-06-02 13:47:32'),
	(143, 2500, 8, 132, 6, '2024-06-02 13:48:08', '2024-06-02 13:48:08'),
	(144, 2500, 12, 133, 6, '2024-06-02 13:48:47', '2024-06-02 13:48:47'),
	(145, 2500, 10, 134, 1, '2024-06-02 13:49:35', '2024-06-02 13:49:35'),
	(146, 2500, 9, 135, 1, '2024-06-02 13:50:11', '2024-06-02 13:50:11'),
	(147, 2000, 3, 136, 2, '2024-06-02 13:58:48', '2024-06-02 13:58:48'),
	(148, 6350, 3, 137, 7, '2024-06-08 10:40:25', '2024-06-08 10:40:25'),
	(149, 6350, 3, 138, 7, '2024-06-08 10:41:33', '2024-06-08 10:41:33'),
	(150, 5600, 5, 139, 7, '2024-06-08 10:45:42', '2024-06-08 10:45:42'),
	(151, 3675, 6, 140, 7, '2024-06-08 10:48:10', '2024-06-08 10:48:10'),
	(152, 11750, 3, 141, 7, '2024-06-08 10:55:09', '2024-06-08 10:55:09'),
	(153, 11750, 4, 142, 7, '2024-06-08 10:58:56', '2024-06-08 10:58:56'),
	(154, 11750, 3, 143, 7, '2024-06-08 11:00:44', '2024-06-08 11:00:44'),
	(155, 11750, 3, 144, 7, '2024-06-08 11:01:26', '2024-06-08 11:01:26'),
	(156, 3225, 10, 145, 7, '2024-06-08 11:05:14', '2024-06-08 11:05:14'),
	(157, 5850, 10, 146, 7, '2024-06-08 11:09:14', '2024-06-08 11:09:14'),
	(158, 4400, 10, 147, 7, '2024-06-08 11:12:39', '2024-06-08 11:12:39'),
	(159, 4625, 24, 148, 7, '2024-06-08 11:17:56', '2024-06-08 11:17:56'),
	(160, 4625, 24, 149, 7, '2024-06-08 11:18:43', '2024-06-08 11:18:43'),
	(161, 4625, 24, 150, 7, '2024-06-08 11:19:17', '2024-06-08 11:19:17'),
	(162, 4700, 4, 151, 7, '2024-06-08 11:21:52', '2024-06-08 11:21:52'),
	(163, 4700, 3, 152, 7, '2024-06-08 11:22:21', '2024-06-08 11:22:21'),
	(164, 6250, 10, 153, 7, '2024-06-08 11:33:07', '2024-06-08 11:33:07'),
	(165, 6250, 3, 154, 7, '2024-06-08 11:34:00', '2024-06-08 11:34:00'),
	(166, 9300, 4, 155, 5, '2024-06-08 13:03:01', '2024-06-08 13:03:01'),
	(167, 9300, 4, 156, 5, '2024-06-08 13:04:07', '2024-06-08 13:04:07'),
	(168, 9300, 4, 157, 5, '2024-06-08 13:10:30', '2024-06-08 13:10:30'),
	(169, 8300, 4, 158, 5, '2024-06-08 13:17:40', '2024-06-08 13:17:40'),
	(170, 8300, 4, 159, 5, '2024-06-08 13:18:42', '2024-06-08 13:18:42'),
	(171, 8300, 4, 160, 5, '2024-06-08 13:20:13', '2024-06-08 13:20:13'),
	(172, 3700, 10, 161, 5, '2024-06-08 13:21:32', '2024-06-08 13:21:32'),
	(173, 1650, 24, 162, 5, '2024-06-08 13:36:38', '2024-06-08 13:36:38'),
	(174, 1700, 24, 163, 5, '2024-06-08 13:38:32', '2024-06-08 13:38:32'),
	(175, 1725, 24, 164, 5, '2024-06-08 13:55:04', '2024-06-08 13:55:04'),
	(176, 2100, 20, 165, 5, '2024-06-08 14:06:47', '2024-06-08 14:06:47'),
	(177, 2200, 20, 166, 5, '2024-06-08 14:09:10', '2024-06-08 14:09:10'),
	(178, 2900, 19, 167, 5, '2024-06-08 14:12:10', '2024-06-08 14:12:10'),
	(179, 9500, 3, 168, 5, '2024-06-09 10:04:29', '2024-06-09 10:04:29'),
	(180, 6300, 6, 169, 5, '2024-06-09 10:06:21', '2024-06-09 10:06:21'),
	(181, 1600, 40, 170, 5, '2024-06-09 10:16:39', '2024-06-09 10:16:39'),
	(182, 1600, 20, 171, 5, '2024-06-09 10:17:15', '2024-06-09 10:17:15'),
	(183, 1700, 20, 172, 5, '2024-06-09 10:19:50', '2024-06-09 10:19:50'),
	(184, 3200, 12, 173, 5, '2024-06-09 10:22:09', '2024-06-09 10:22:09'),
	(185, 3200, 12, 174, 5, '2024-06-09 10:23:02', '2024-06-09 10:23:02'),
	(186, 3200, 12, 175, 5, '2024-06-09 10:23:47', '2024-06-09 10:23:47'),
	(187, 10600, 3, 176, 5, '2024-06-09 10:25:54', '2024-06-09 10:25:54'),
	(188, 2300, 10, 177, 5, '2024-06-09 10:27:08', '2024-06-09 10:27:08'),
	(189, 2800, 4, 178, 5, '2024-06-09 10:52:19', '2024-06-09 10:52:19'),
	(190, 4350, 4, 179, 5, '2024-06-09 10:53:38', '2024-06-09 10:53:38'),
	(191, 4350, 4, 180, 5, '2024-06-09 10:56:31', '2024-06-09 10:56:31'),
	(192, 4350, 4, 181, 5, '2024-06-09 10:57:46', '2024-06-09 10:57:46'),
	(193, 4350, 4, 182, 5, '2024-06-09 10:58:41', '2024-06-09 10:58:41'),
	(194, 4350, 4, 183, 5, '2024-06-09 10:59:54', '2024-06-09 10:59:54'),
	(195, 4100, 3, 184, 5, '2024-06-09 11:01:01', '2024-06-09 11:01:01'),
	(196, 4100, 4, 185, 5, '2024-06-09 11:02:04', '2024-06-09 11:02:04'),
	(197, 4100, 4, 186, 5, '2024-06-09 11:03:03', '2024-06-09 11:03:03'),
	(198, 1450, 36, 187, 5, '2024-06-09 11:06:31', '2024-06-09 11:06:31'),
	(199, 750, 78, 188, 5, '2024-06-09 11:10:28', '2024-06-09 11:10:28'),
	(200, 825, 12, 189, 5, '2024-06-09 11:12:19', '2024-06-09 11:12:19'),
	(201, 9000, 24, 190, 5, '2024-06-09 11:16:22', '2024-06-09 11:16:22'),
	(202, 950, 16, 191, 5, '2024-06-09 11:17:21', '2024-06-09 11:17:21'),
	(203, 950, 23, 192, 5, '2024-06-09 11:18:02', '2024-06-09 11:18:02'),
	(204, 950, 3, 193, 5, '2024-06-09 11:18:43', '2024-06-09 11:18:43'),
	(205, 5450, 3, 194, 5, '2024-06-09 11:21:30', '2024-06-09 11:21:30'),
	(206, 5450, 3, 195, 5, '2024-06-09 11:22:19', '2024-06-09 11:22:19'),
	(207, 5450, 3, 196, 5, '2024-06-09 11:23:18', '2024-06-09 11:23:18'),
	(208, 5450, 3, 197, 5, '2024-06-09 11:23:54', '2024-06-09 11:23:54'),
	(209, 1650, 10, 198, 5, '2024-06-09 11:25:00', '2024-06-09 11:25:00'),
	(210, 5450, 2, 199, 5, '2024-06-09 11:25:39', '2024-06-09 11:25:39'),
	(211, 5450, 2, 200, 5, '2024-06-09 11:26:09', '2024-06-09 11:26:09'),
	(212, 2725, 20, 201, 5, '2024-06-09 11:28:41', '2024-06-09 11:28:41'),
	(213, 2725, 20, 202, 5, '2024-06-09 11:29:36', '2024-06-09 11:29:36'),
	(214, 3500, 22, 203, 5, '2024-06-09 11:30:42', '2024-06-09 11:30:42'),
	(215, 2700, 40, 204, 5, '2024-06-09 11:33:30', '2024-06-09 11:33:30'),
	(216, 3375, 24, 205, 5, '2024-06-09 11:35:25', '2024-06-09 11:35:25'),
	(217, 3375, 24, 132, 5, '2024-06-09 11:36:31', '2024-06-09 11:36:31'),
	(218, 2600, 24, 97, 5, '2024-06-09 11:38:55', '2024-06-09 11:38:55'),
	(219, 850, 24, 206, 5, '2024-06-09 11:41:15', '2024-06-09 11:41:15'),
	(220, 1400, 24, 207, 5, '2024-06-09 11:43:25', '2024-06-09 11:43:25'),
	(221, 3400, 12, 87, 5, '2024-06-09 11:46:43', '2024-06-09 11:46:43'),
	(222, 3400, 24, 208, 5, '2024-06-09 11:47:44', '2024-06-09 11:47:44'),
	(223, 3300, 24, 90, 5, '2024-06-09 11:53:24', '2024-06-09 11:53:24'),
	(224, 3300, 24, 209, 5, '2024-06-09 11:54:35', '2024-06-09 11:54:35'),
	(225, 4400, 12, 210, 5, '2024-06-09 11:56:18', '2024-06-09 11:56:18'),
	(226, 3300, 12, 211, 5, '2024-06-09 11:57:51', '2024-06-09 11:57:51'),
	(227, 3300, 12, 212, 5, '2024-06-09 11:58:38', '2024-06-09 11:58:38'),
	(228, 27300, 3, 213, 5, '2024-06-09 12:00:36', '2024-06-09 12:00:36'),
	(229, 26500, 3, 214, 5, '2024-06-09 12:01:17', '2024-06-09 12:01:17'),
	(230, 10900, 3, 215, 5, '2024-06-09 12:04:05', '2024-06-09 12:04:05'),
	(231, 10900, 3, 216, 5, '2024-06-09 12:04:52', '2024-06-09 12:04:52'),
	(232, 10900, 3, 217, 5, '2024-06-09 12:05:27', '2024-06-09 12:05:27'),
	(233, 3600, 3, 218, 5, '2024-06-09 12:08:14', '2024-06-09 12:08:14'),
	(234, 3600, 3, 219, 5, '2024-06-09 12:08:52', '2024-06-09 12:08:52'),
	(235, 3600, 3, 220, 5, '2024-06-09 12:09:42', '2024-06-09 12:09:42'),
	(236, 3600, 3, 221, 5, '2024-06-09 12:10:23', '2024-06-09 12:10:23'),
	(237, 800, 36, 222, 5, '2024-06-09 12:16:21', '2024-06-09 12:16:21'),
	(238, 800, 36, 223, 5, '2024-06-09 12:17:24', '2024-06-09 12:17:24'),
	(239, 800, 36, 224, 5, '2024-06-09 12:18:07', '2024-06-09 12:18:07'),
	(240, 470, 30, 225, 5, '2024-06-09 12:21:49', '2024-06-09 12:21:49'),
	(241, 470, 30, 226, 5, '2024-06-09 12:23:08', '2024-06-09 12:23:08'),
	(242, 3800, 3, 227, 5, '2024-06-09 12:56:17', '2024-06-09 12:56:17'),
	(243, 3800, 4, 228, 5, '2024-06-09 12:58:02', '2024-06-09 12:58:02'),
	(244, 3700, 3, 229, 5, '2024-06-09 13:01:16', '2024-06-09 13:01:16'),
	(245, 6400, 5, 230, 5, '2024-06-09 13:23:36', '2024-06-09 13:23:36'),
	(246, 4800, 12, 231, 5, '2024-06-09 13:27:06', '2024-06-09 13:27:06'),
	(247, 4825, 12, 232, 5, '2024-06-09 13:28:15', '2024-06-09 13:28:15'),
	(248, 4350, 10, 233, 5, '2024-06-09 13:33:24', '2024-06-09 13:33:24'),
	(249, 4350, 10, 234, 5, '2024-06-09 13:33:59', '2024-06-09 13:33:59'),
	(250, 4350, 10, 235, 5, '2024-06-09 13:34:30', '2024-06-09 13:34:30'),
	(251, 2800, 20, 236, 5, '2024-06-09 13:40:26', '2024-06-09 13:40:26'),
	(252, 2000, 20, 237, 5, '2024-06-09 13:41:43', '2024-06-09 13:41:43'),
	(253, 2000, 20, 238, 5, '2024-06-09 13:42:19', '2024-06-09 13:42:19'),
	(254, 2900, 20, 239, 5, '2024-06-09 13:47:04', '2024-06-09 13:47:04'),
	(255, 2750, 20, 240, 5, '2024-06-09 13:48:00', '2024-06-09 13:48:00'),
	(256, 2800, 10, 241, 5, '2024-06-09 13:49:34', '2024-06-09 13:49:34'),
	(257, 8100, 5, 242, 5, '2024-06-09 14:26:23', '2024-06-09 14:26:23'),
	(258, 5500, 5, 243, 5, '2024-06-09 14:27:19', '2024-06-09 14:27:19'),
	(259, 7600, 5, 244, 5, '2024-06-09 14:28:36', '2024-06-09 14:28:36'),
	(260, 4800, 5, 245, 5, '2024-06-09 14:30:41', '2024-06-09 14:30:41'),
	(261, 2800, 4, 246, 5, '2024-06-09 14:38:39', '2024-06-09 14:38:39'),
	(262, 2800, 12, 247, 5, '2024-06-09 14:39:36', '2024-06-09 14:39:36'),
	(263, 6600, 3, 248, 5, '2024-06-09 14:43:08', '2024-06-09 14:43:08'),
	(264, 7500, 3, 249, 5, '2024-06-09 14:44:19', '2024-06-09 14:44:19'),
	(265, 2750, 20, 250, 5, '2024-06-10 07:19:50', '2024-06-10 07:19:50'),
	(266, 2800, 20, 251, 5, '2024-06-10 07:22:08', '2024-06-10 07:22:08'),
	(267, 4200, 12, 252, 6, '2024-06-10 09:44:37', '2024-06-10 09:44:37'),
	(268, 425, 100, 253, 6, '2024-06-10 09:46:08', '2024-06-10 09:46:08'),
	(269, 850, 50, 254, 6, '2024-06-10 09:47:13', '2024-06-10 09:47:13'),
	(270, 2200, 8, 255, 7, '2024-06-10 09:55:08', '2024-06-10 09:55:08'),
	(271, 1100, 12, 256, 7, '2024-06-10 09:58:49', '2024-06-10 09:58:49'),
	(272, 1100, 10, 257, 2, '2024-06-10 10:05:01', '2024-06-10 10:05:01'),
	(273, 3500, 2, 258, 9, '2024-06-10 10:08:29', '2024-06-10 10:08:29'),
	(274, 7800, 8, 259, 7, '2024-06-10 10:22:49', '2024-06-10 10:22:49'),
	(275, 7350, 5, 260, 7, '2024-06-10 10:24:41', '2024-06-10 10:24:41'),
	(276, 9500, 10, 261, 4, '2024-06-10 10:40:41', '2024-06-10 10:40:41'),
	(277, 8500, 5, 262, 4, '2024-06-10 10:43:57', '2024-06-10 10:43:57'),
	(278, 7500, 6, 263, 4, '2024-06-10 10:45:07', '2024-06-10 10:45:07'),
	(279, 1500, 20, 264, 5, '2024-06-10 10:48:41', '2024-06-10 10:48:41'),
	(280, 1500, 16, 265, 5, '2024-06-10 10:49:42', '2024-06-10 10:49:42'),
	(281, 2000, 55, 266, 5, '2024-06-10 10:54:20', '2024-06-10 10:54:20'),
	(282, 2000, 35, 267, 5, '2024-06-10 10:55:58', '2024-06-10 10:55:58'),
	(283, 2000, 19, 268, 5, '2024-06-10 10:56:45', '2024-06-10 10:56:45'),
	(284, 3500, 6, 269, 1, '2024-06-12 00:52:41', '2024-06-12 00:52:41'),
	(285, 3500, 9, 270, 1, '2024-06-12 00:53:38', '2024-06-12 00:53:38'),
	(286, 2100, 15, 271, 1, '2024-06-12 00:54:50', '2024-06-12 00:54:50'),
	(287, 2100, 4, 272, 1, '2024-06-12 00:55:55', '2024-06-12 00:55:55'),
	(288, 1300, 24, 273, 1, '2024-06-12 00:57:06', '2024-06-12 00:57:06'),
	(289, 2300, 12, 274, 1, '2024-06-12 00:58:21', '2024-06-12 00:58:21'),
	(290, 1800, 14, 275, 1, '2024-06-12 00:59:41', '2024-06-12 00:59:41'),
	(291, 3800, 18, 276, 5, '2024-06-12 01:05:31', '2024-06-12 01:05:31'),
	(292, 2100, 19, 277, 1, '2024-06-12 01:06:35', '2024-06-12 01:06:35'),
	(293, 2200, 13, 278, 1, '2024-06-12 01:09:19', '2024-06-12 01:09:19'),
	(294, 2200, 8, 279, 1, '2024-06-12 01:10:52', '2024-06-12 01:10:52'),
	(295, 1200, 105, 280, 6, '2024-06-12 01:13:46', '2024-06-12 01:13:46'),
	(296, 1200, 95, 281, 6, '2024-06-12 01:14:39', '2024-06-12 01:14:39'),
	(297, 1200, 58, 282, 6, '2024-06-12 01:15:24', '2024-06-12 01:15:24'),
	(298, 1200, 67, 283, 6, '2024-06-12 01:15:59', '2024-06-12 01:15:59'),
	(299, 1200, 35, 284, 6, '2024-06-12 01:16:37', '2024-06-12 01:16:37'),
	(300, 1200, 62, 285, 6, '2024-06-12 01:17:16', '2024-06-12 01:17:16'),
	(301, 1200, 22, 286, 6, '2024-06-12 01:17:58', '2024-06-12 01:17:58'),
	(302, 1300, 1, 287, 1, '2024-06-12 01:22:08', '2024-06-12 01:22:08'),
	(303, 1200, 14, 288, 1, '2024-06-12 01:24:17', '2024-06-12 01:24:17'),
	(304, 1800, 9, 289, 1, '2024-06-12 01:25:32', '2024-06-12 01:25:32'),
	(305, 1350, 19, 290, 1, '2024-06-12 01:26:34', '2024-06-12 01:26:34'),
	(306, 1250, 20, 291, 1, '2024-06-12 01:27:46', '2024-06-12 01:27:46'),
	(307, 1200, 51, 292, 6, '2024-06-12 01:28:38', '2024-06-12 01:28:38'),
	(308, 1250, 5, 293, 1, '2024-06-12 01:39:29', '2024-06-12 01:39:29'),
	(309, 1200, 5, 294, 1, '2024-06-12 01:40:59', '2024-06-12 01:40:59'),
	(310, 3000, 4, 295, 5, '2024-06-12 10:00:46', '2024-06-12 10:00:46'),
	(311, 3000, 6, 296, 5, '2024-06-12 10:01:29', '2024-06-12 10:01:29'),
	(312, 3000, 5, 297, 5, '2024-06-12 10:03:18', '2024-06-12 10:03:18'),
	(313, 13800, 3, 298, 1, '2024-06-12 10:04:57', '2024-06-12 10:04:57'),
	(314, 1200, 9, 299, 1, '2024-06-12 10:05:54', '2024-06-12 10:05:54'),
	(315, 1300, 11, 300, 1, '2024-06-12 10:07:15', '2024-06-12 10:07:15'),
	(316, 1700, 14, 301, 1, '2024-06-12 10:09:22', '2024-06-12 10:09:22'),
	(317, 1800, 9, 302, 1, '2024-06-12 10:10:14', '2024-06-12 10:10:14'),
	(318, 1200, 34, 303, 6, '2024-06-12 10:11:40', '2024-06-12 10:11:40'),
	(319, 3500, 7, 304, 1, '2024-06-12 10:14:03', '2024-06-12 10:14:03'),
	(320, 2250, 12, 305, 1, '2024-06-12 10:14:49', '2024-06-12 10:14:49'),
	(321, 1700, 4, 306, 1, '2024-06-12 10:16:01', '2024-06-12 10:16:01'),
	(322, 2100, 14, 307, 1, '2024-06-12 10:16:34', '2024-06-12 10:16:34'),
	(323, 1300, 3, 308, 1, '2024-06-12 10:17:34', '2024-06-12 10:17:34'),
	(324, 800, 12, 309, 1, '2024-06-12 10:18:45', '2024-06-12 10:18:45'),
	(325, 1800, 17, 310, 1, '2024-06-12 10:19:28', '2024-06-12 10:19:28'),
	(326, 800, 28, 311, 1, '2024-06-12 10:20:34', '2024-06-12 10:20:34'),
	(327, 1300, 2, 312, 1, '2024-06-12 10:21:41', '2024-06-12 10:21:41'),
	(328, 2500, 25, 313, 1, '2024-06-12 10:23:04', '2024-06-12 10:23:04'),
	(329, 2400, 4, 314, 5, '2024-06-12 10:26:01', '2024-06-12 10:26:01'),
	(330, 1200, 12, 315, 1, '2024-06-12 10:36:13', '2024-06-12 10:36:13'),
	(331, 3800, 4, 316, 1, '2024-06-12 10:44:09', '2024-06-12 10:44:09'),
	(332, 2900, 1, 317, 1, '2024-06-12 10:45:53', '2024-06-12 10:45:53'),
	(333, 2900, 12, 318, 4, '2024-06-12 10:47:39', '2024-06-12 10:47:39'),
	(334, 2900, 2, 319, 4, '2024-06-12 10:48:48', '2024-06-12 10:48:48'),
	(335, 3300, 2, 320, 1, '2024-06-12 10:51:07', '2024-06-12 10:51:07'),
	(336, 1900, 20, 321, 5, '2024-06-12 10:53:09', '2024-06-12 10:53:09'),
	(337, 2900, 12, 322, 1, '2024-06-12 10:54:49', '2024-06-12 10:54:49'),
	(338, 2900, 19, 323, 5, '2024-06-12 10:56:02', '2024-06-12 10:56:02'),
	(339, 2900, 19, 324, 5, '2024-06-12 10:56:51', '2024-06-12 10:56:51'),
	(340, 2900, 10, 325, 5, '2024-06-12 10:57:53', '2024-06-12 10:57:53'),
	(341, 2800, 2, 326, 2, '2024-06-12 10:59:18', '2024-06-12 10:59:18'),
	(342, 2800, 10, 327, 5, '2024-06-12 11:00:22', '2024-06-12 11:00:22'),
	(343, 2900, 20, 328, 5, '2024-06-12 11:01:21', '2024-06-12 11:01:21'),
	(344, 2900, 17, 329, 5, '2024-06-12 11:02:35', '2024-06-12 11:02:35'),
	(345, 2900, 14, 330, 5, '2024-06-12 11:03:31', '2024-06-12 11:03:31'),
	(346, 2900, 11, 331, 5, '2024-06-12 11:04:16', '2024-06-12 11:04:16'),
	(347, 2900, 12, 332, 5, '2024-06-12 11:05:28', '2024-06-12 11:05:28'),
	(348, 2900, 16, 333, 5, '2024-06-12 11:06:12', '2024-06-12 11:06:12'),
	(349, 2900, 18, 334, 5, '2024-06-12 11:07:37', '2024-06-12 11:07:37'),
	(350, 2900, 31, 335, 5, '2024-06-12 11:08:27', '2024-06-12 11:08:27'),
	(351, 750, 12, 336, 5, '2024-06-12 11:16:11', '2024-06-12 11:16:11'),
	(352, 1800, 30, 337, 5, '2024-06-12 11:20:24', '2024-06-12 11:20:24'),
	(353, 1900, 11, 338, 1, '2024-06-12 11:22:18', '2024-06-12 11:22:18');

-- Dumping structure for table laravel.saldo_belanja
DROP TABLE IF EXISTS `saldo_belanja`;
CREATE TABLE IF NOT EXISTS `saldo_belanja` (
  `id` bigint unsigned NOT NULL AUTO_INCREMENT,
  `saldo` int NOT NULL DEFAULT '0',
  `created_at` timestamp NULL DEFAULT NULL,
  `updated_at` timestamp NULL DEFAULT NULL,
  PRIMARY KEY (`id`)
) ENGINE=InnoDB AUTO_INCREMENT=2 DEFAULT CHARSET=utf8mb4 COLLATE=utf8mb4_unicode_ci;

-- Dumping data for table laravel.saldo_belanja: ~0 rows (approximately)
INSERT INTO `saldo_belanja` (`id`, `saldo`, `created_at`, `updated_at`) VALUES
	(1, 611550, '2024-05-23 09:23:03', '2024-05-23 09:23:03');

-- Dumping structure for table laravel.supplier
DROP TABLE IF EXISTS `supplier`;
CREATE TABLE IF NOT EXISTS `supplier` (
  `id` bigint unsigned NOT NULL AUTO_INCREMENT,
  `nama_supplier` varchar(255) COLLATE utf8mb4_unicode_ci DEFAULT NULL,
  `telpon` char(20) COLLATE utf8mb4_unicode_ci DEFAULT NULL,
  `alamat` varchar(255) COLLATE utf8mb4_unicode_ci DEFAULT NULL,
  `is_active` enum('Y','N') COLLATE utf8mb4_unicode_ci DEFAULT 'Y',
  `created_at` timestamp NULL DEFAULT NULL,
  `updated_at` timestamp NULL DEFAULT NULL,
  PRIMARY KEY (`id`)
) ENGINE=InnoDB AUTO_INCREMENT=10 DEFAULT CHARSET=utf8mb4 COLLATE=utf8mb4_unicode_ci;

-- Dumping data for table laravel.supplier: ~9 rows (approximately)
INSERT INTO `supplier` (`id`, `nama_supplier`, `telpon`, `alamat`, `is_active`, `created_at`, `updated_at`) VALUES
	(1, 'AROMA', '081', 'WAHID HASYIM', 'Y', '2024-05-30 14:27:17', '2024-05-30 15:09:41'),
	(2, 'SALES KANVAS', NULL, NULL, 'Y', '2024-05-30 14:45:46', '2024-05-30 14:45:46'),
	(3, 'GEMILANG', NULL, NULL, 'Y', '2024-05-30 15:04:39', '2024-05-30 15:04:39'),
	(4, 'SALES KANVAS', NULL, NULL, 'Y', '2024-06-01 11:10:41', '2024-06-01 11:10:41'),
	(5, 'INDOGROSIR', '0', '0', 'Y', '2024-06-02 02:57:42', '2024-06-09 10:04:59'),
	(6, 'SINERGI', '0', '0', 'Y', '2024-06-02 12:00:18', '2024-06-12 10:11:55'),
	(7, 'PAMELA', NULL, NULL, 'Y', '2024-06-02 12:22:29', '2024-06-02 12:22:29'),
	(8, 'ONLINE', '0', '0', 'Y', '2024-06-10 10:05:33', '2024-06-10 10:05:33'),
	(9, 'MITRA', '0', '0', 'Y', '2024-06-10 10:06:33', '2024-06-10 10:06:33');

-- Dumping structure for table laravel.supplier_produk
DROP TABLE IF EXISTS `supplier_produk`;
CREATE TABLE IF NOT EXISTS `supplier_produk` (
  `id` bigint unsigned NOT NULL AUTO_INCREMENT,
  `harga_beli` int DEFAULT '0',
  `harga_last_update` datetime DEFAULT NULL,
  `is_active` enum('Y','N') COLLATE utf8mb4_unicode_ci DEFAULT 'Y',
  `produk_id` bigint unsigned NOT NULL,
  `supplier_id` bigint unsigned NOT NULL,
  `created_at` timestamp NULL DEFAULT NULL,
  `updated_at` timestamp NULL DEFAULT NULL,
  PRIMARY KEY (`id`),
  KEY `supplier_produk_produk_id_foreign` (`produk_id`),
  KEY `supplier_produk_supplier_id_foreign` (`supplier_id`),
  CONSTRAINT `supplier_produk_produk_id_foreign` FOREIGN KEY (`produk_id`) REFERENCES `produk` (`id`) ON DELETE CASCADE,
  CONSTRAINT `supplier_produk_supplier_id_foreign` FOREIGN KEY (`supplier_id`) REFERENCES `supplier` (`id`) ON DELETE CASCADE
) ENGINE=InnoDB AUTO_INCREMENT=347 DEFAULT CHARSET=utf8mb4 COLLATE=utf8mb4_unicode_ci;

-- Dumping data for table laravel.supplier_produk: ~346 rows (approximately)
INSERT INTO `supplier_produk` (`id`, `harga_beli`, `harga_last_update`, `is_active`, `produk_id`, `supplier_id`, `created_at`, `updated_at`) VALUES
	(1, 24350, '2024-06-02 16:42:52', 'Y', 1, 1, '2024-05-30 14:27:17', '2024-06-02 09:42:52'),
	(2, 24250, '2024-05-30 21:30:44', 'Y', 2, 1, '2024-05-30 14:30:44', '2024-05-30 14:30:44'),
	(3, 23200, '2024-05-30 21:35:43', 'Y', 3, 1, '2024-05-30 14:35:43', '2024-05-30 14:35:43'),
	(4, 14500, '2024-05-30 21:40:42', 'Y', 4, 1, '2024-05-30 14:40:42', '2024-05-30 14:40:42'),
	(5, 31650, '2024-05-30 21:43:44', 'Y', 5, 1, '2024-05-30 14:43:44', '2024-05-30 14:43:44'),
	(6, 27250, '2024-05-30 21:45:46', 'Y', 6, 2, '2024-05-30 14:45:46', '2024-05-30 14:45:46'),
	(7, 23800, '2024-05-30 21:47:14', 'Y', 7, 1, '2024-05-30 14:47:14', '2024-05-30 14:47:14'),
	(8, 20500, '2024-05-30 21:56:30', 'Y', 8, 1, '2024-05-30 14:56:30', '2024-05-30 14:56:30'),
	(9, 14500, '2024-05-30 22:04:39', 'Y', 9, 3, '2024-05-30 15:04:39', '2024-05-30 15:04:39'),
	(10, 14500, '2024-05-30 22:09:00', 'Y', 10, 1, '2024-05-30 15:09:00', '2024-05-30 15:09:00'),
	(11, 13300, '2024-05-30 22:13:27', 'Y', 11, 1, '2024-05-30 15:13:27', '2024-05-30 15:13:27'),
	(12, 14300, '2024-05-30 22:25:09', 'Y', 12, 1, '2024-05-30 15:25:09', '2024-05-30 15:25:09'),
	(13, 13500, '2024-05-30 22:27:12', 'Y', 13, 1, '2024-05-30 15:27:12', '2024-05-30 15:27:12'),
	(14, 23500, '2024-05-30 22:29:56', 'Y', 14, 1, '2024-05-30 15:29:56', '2024-05-30 15:29:56'),
	(15, 29000, '2024-05-30 22:31:08', 'Y', 15, 1, '2024-05-30 15:31:08', '2024-05-30 15:31:08'),
	(16, 10500, '2024-05-30 22:32:47', 'Y', 16, 3, '2024-05-30 15:32:47', '2024-05-30 15:32:47'),
	(17, 16000, '2024-05-30 22:35:21', 'Y', 17, 3, '2024-05-30 15:35:21', '2024-05-30 15:35:21'),
	(18, 22500, '2024-05-30 22:38:58', 'Y', 18, 1, '2024-05-30 15:38:58', '2024-05-30 15:38:58'),
	(19, 22500, '2024-05-30 22:39:34', 'Y', 19, 1, '2024-05-30 15:39:34', '2024-05-30 15:39:34'),
	(20, 15000, '2024-05-30 22:40:19', 'Y', 20, 1, '2024-05-30 15:40:19', '2024-05-30 15:40:19'),
	(21, 15000, '2024-05-30 22:46:05', 'Y', 21, 1, '2024-05-30 15:46:05', '2024-05-30 15:46:05'),
	(22, 17000, '2024-05-30 22:50:18', 'Y', 22, 1, '2024-05-30 15:50:18', '2024-05-30 15:50:18'),
	(23, 14500, '2024-05-30 22:51:32', 'Y', 23, 1, '2024-05-30 15:51:32', '2024-05-30 15:51:32'),
	(24, 22900, '2024-05-30 22:54:50', 'Y', 24, 1, '2024-05-30 15:54:50', '2024-05-30 15:54:50'),
	(25, 1850, '2024-05-30 22:56:49', 'Y', 25, 1, '2024-05-30 15:56:49', '2024-05-30 15:56:49'),
	(26, 26800, '2024-05-30 23:03:11', 'Y', 26, 1, '2024-05-30 16:03:11', '2024-05-30 16:03:11'),
	(27, 26200, '2024-05-30 23:03:59', 'Y', 27, 1, '2024-05-30 16:03:59', '2024-05-30 16:03:59'),
	(28, 21300, '2024-05-30 23:05:00', 'Y', 28, 2, '2024-05-30 16:05:00', '2024-05-30 16:05:00'),
	(29, 15500, '2024-05-30 23:07:12', 'Y', 29, 1, '2024-05-30 16:07:12', '2024-05-30 16:07:12'),
	(30, 22500, '2024-05-30 23:08:26', 'Y', 30, 1, '2024-05-30 16:08:26', '2024-05-30 16:08:26'),
	(31, 15750, '2024-05-30 23:13:09', 'Y', 31, 2, '2024-05-30 16:13:09', '2024-05-30 16:13:09'),
	(32, 20000, '2024-05-30 23:15:26', 'Y', 32, 1, '2024-05-30 16:15:26', '2024-05-30 16:15:26'),
	(33, 20000, '2024-05-30 23:16:05', 'Y', 33, 1, '2024-05-30 16:16:05', '2024-05-30 16:16:05'),
	(34, 20000, '2024-05-30 23:17:09', 'Y', 34, 1, '2024-05-30 16:17:09', '2024-05-30 16:17:09'),
	(35, 25900, '2024-05-30 23:24:27', 'Y', 35, 1, '2024-05-30 16:24:27', '2024-05-30 16:24:27'),
	(36, 25900, '2024-05-30 23:24:58', 'Y', 36, 1, '2024-05-30 16:24:58', '2024-05-30 16:24:58'),
	(37, 25900, '2024-05-30 23:26:16', 'Y', 37, 1, '2024-05-30 16:26:16', '2024-05-30 16:26:16'),
	(38, 25900, '2024-05-30 23:26:41', 'Y', 38, 1, '2024-05-30 16:26:41', '2024-05-30 16:26:41'),
	(39, 20100, '2024-05-30 23:30:14', 'Y', 39, 2, '2024-05-30 16:30:14', '2024-05-30 16:30:14'),
	(40, 17450, '2024-05-30 23:31:46', 'Y', 40, 3, '2024-05-30 16:31:46', '2024-05-30 16:31:46'),
	(41, 27200, '2024-05-30 23:33:54', 'Y', 41, 1, '2024-05-30 16:33:54', '2024-05-30 16:33:54'),
	(42, 27200, '2024-05-30 23:34:39', 'Y', 42, 1, '2024-05-30 16:34:39', '2024-05-30 16:34:39'),
	(43, 38650, '2024-05-30 23:37:07', 'Y', 43, 3, '2024-05-30 16:37:07', '2024-05-30 16:37:07'),
	(44, 16500, '2024-05-30 23:38:35', 'Y', 44, 1, '2024-05-30 16:38:35', '2024-05-30 16:38:35'),
	(45, 26300, '2024-05-30 23:40:35', 'Y', 45, 1, '2024-05-30 16:40:35', '2024-05-30 16:40:35'),
	(46, 25500, '2024-05-30 23:41:15', 'Y', 46, 1, '2024-05-30 16:41:15', '2024-05-30 16:41:15'),
	(47, 10500, '2024-05-30 23:45:26', 'Y', 47, 1, '2024-05-30 16:45:26', '2024-05-30 16:45:26'),
	(48, 44000, '2024-05-30 23:47:19', 'Y', 48, 2, '2024-05-30 16:47:19', '2024-05-30 16:47:19'),
	(49, 21500, '2024-05-30 23:49:19', 'Y', 49, 1, '2024-05-30 16:49:19', '2024-05-30 16:49:19'),
	(50, 28500, '2024-05-30 23:50:51', 'Y', 50, 1, '2024-05-30 16:50:51', '2024-05-30 16:50:51'),
	(51, 30600, '2024-05-31 07:47:51', 'Y', 51, 1, '2024-05-31 00:47:51', '2024-05-31 00:47:51'),
	(52, 30600, '2024-05-31 07:49:01', 'Y', 52, 1, '2024-05-31 00:49:01', '2024-05-31 00:49:01'),
	(53, 30500, '2024-05-31 07:50:59', 'Y', 53, 1, '2024-05-31 00:50:59', '2024-05-31 00:50:59'),
	(54, 20500, '2024-05-31 07:54:11', 'Y', 54, 1, '2024-05-31 00:54:11', '2024-05-31 00:54:11'),
	(55, 20000, '2024-05-31 07:55:59', 'Y', 55, 1, '2024-05-31 00:55:59', '2024-05-31 00:55:59'),
	(56, 24900, '2024-05-31 07:58:22', 'Y', 56, 1, '2024-05-31 00:58:22', '2024-05-31 00:58:22'),
	(57, 18000, '2024-05-31 07:59:19', 'Y', 57, 1, '2024-05-31 00:59:20', '2024-05-31 00:59:20'),
	(58, 18500, '2024-05-31 08:00:45', 'Y', 58, 1, '2024-05-31 01:00:45', '2024-05-31 01:00:45'),
	(59, 13500, '2024-05-31 08:02:13', 'Y', 59, 1, '2024-05-31 01:02:13', '2024-05-31 01:02:13'),
	(60, 13100, '2024-05-31 08:03:01', 'Y', 60, 1, '2024-05-31 01:03:01', '2024-05-31 01:03:01'),
	(61, 8000, '2024-05-31 08:03:53', 'Y', 61, 1, '2024-05-31 01:03:53', '2024-05-31 01:03:53'),
	(62, 8000, '2024-05-31 08:04:28', 'Y', 62, 1, '2024-05-31 01:04:28', '2024-05-31 01:04:28'),
	(63, 7000, '2024-05-31 08:05:44', 'Y', 63, 1, '2024-05-31 01:05:44', '2024-05-31 01:05:44'),
	(64, 19500, '2024-05-31 08:06:35', 'Y', 64, 1, '2024-05-31 01:06:35', '2024-05-31 01:06:35'),
	(65, 7500, '2024-05-31 08:08:01', 'Y', 65, 1, '2024-05-31 01:08:01', '2024-05-31 01:08:01'),
	(66, 8000, '2024-05-31 08:08:55', 'Y', 66, 1, '2024-05-31 01:08:55', '2024-05-31 01:08:55'),
	(67, 7000, '2024-05-31 08:09:44', 'Y', 67, 2, '2024-05-31 01:09:44', '2024-05-31 01:09:44'),
	(68, 15000, '2024-05-31 08:10:13', 'Y', 68, 1, '2024-05-31 01:10:13', '2024-05-31 01:10:13'),
	(69, 15500, '2024-05-31 08:11:11', 'Y', 69, 1, '2024-05-31 01:11:11', '2024-05-31 01:11:11'),
	(70, 14300, '2024-05-31 08:11:50', 'Y', 70, 1, '2024-05-31 01:11:50', '2024-05-31 01:11:50'),
	(71, 6800, '2024-05-31 08:12:51', 'Y', 71, 1, '2024-05-31 01:12:51', '2024-05-31 01:12:51'),
	(72, 28000, '2024-05-31 08:13:46', 'Y', 72, 1, '2024-05-31 01:13:46', '2024-05-31 01:13:46'),
	(73, 24500, '2024-06-02 09:35:50', 'Y', 1, 4, '2024-06-01 11:10:41', '2024-06-02 02:35:50'),
	(74, 20000, '2024-06-02 09:20:57', 'Y', 73, 1, '2024-06-02 02:20:57', '2024-06-02 02:20:57'),
	(75, 25000, '2024-06-02 09:57:42', 'Y', 1, 5, '2024-06-02 02:57:42', '2024-06-02 02:57:42'),
	(76, 24500, '2024-06-02 10:00:46', 'Y', 1, 3, '2024-06-02 03:00:46', '2024-06-02 03:00:46'),
	(77, 24500, '2024-06-02 16:43:40', 'Y', 2, 4, '2024-06-02 09:43:40', '2024-06-02 09:43:40'),
	(78, 2400, '2024-06-02 19:00:18', 'Y', 74, 6, '2024-06-02 12:00:18', '2024-06-02 12:00:18'),
	(79, 1900, '2024-06-02 19:01:32', 'Y', 75, 1, '2024-06-02 12:01:32', '2024-06-02 12:01:32'),
	(80, 1875, '2024-06-02 19:06:00', 'Y', 76, 6, '2024-06-02 12:06:00', '2024-06-02 12:06:00'),
	(81, 2000, '2024-06-02 19:09:53', 'Y', 77, 6, '2024-06-02 12:09:53', '2024-06-02 12:09:53'),
	(82, 2000, '2024-06-02 19:11:12', 'Y', 78, 6, '2024-06-02 12:11:12', '2024-06-02 12:11:12'),
	(83, 4500, '2024-06-02 19:12:39', 'Y', 79, 6, '2024-06-02 12:12:39', '2024-06-02 12:12:39'),
	(84, 4200, '2024-06-02 19:14:13', 'Y', 80, 6, '2024-06-02 12:14:13', '2024-06-02 12:14:13'),
	(85, 4000, '2024-06-02 19:15:26', 'Y', 81, 6, '2024-06-02 12:15:26', '2024-06-02 12:15:26'),
	(86, 3000, '2024-06-02 19:17:01', 'Y', 82, 6, '2024-06-02 12:17:01', '2024-06-02 12:17:01'),
	(87, 6650, '2024-06-02 19:19:49', 'Y', 83, 1, '2024-06-02 12:19:49', '2024-06-02 12:19:49'),
	(88, 3425, '2024-06-02 19:22:29', 'Y', 84, 7, '2024-06-02 12:22:29', '2024-06-02 12:22:29'),
	(89, 2450, '2024-06-02 19:26:55', 'Y', 85, 1, '2024-06-02 12:26:55', '2024-06-02 12:26:55'),
	(90, 2450, '2024-06-02 19:28:11', 'Y', 86, 1, '2024-06-02 12:28:11', '2024-06-02 12:28:11'),
	(91, 3600, '2024-06-02 19:29:54', 'Y', 87, 1, '2024-06-02 12:29:54', '2024-06-02 12:29:54'),
	(92, 2550, '2024-06-02 19:30:55', 'Y', 88, 1, '2024-06-02 12:30:55', '2024-06-02 12:30:55'),
	(93, 4000, '2024-06-02 19:32:44', 'Y', 89, 1, '2024-06-02 12:32:44', '2024-06-02 12:32:44'),
	(94, 3500, '2024-06-02 19:34:39', 'Y', 90, 1, '2024-06-02 12:34:39', '2024-06-02 12:34:39'),
	(95, 1600, '2024-06-02 19:36:55', 'Y', 91, 7, '2024-06-02 12:36:55', '2024-06-02 12:36:55'),
	(96, 3200, '2024-06-02 19:39:31', 'Y', 92, 1, '2024-06-02 12:39:31', '2024-06-02 12:39:31'),
	(97, 4500, '2024-06-02 19:41:46', 'Y', 93, 6, '2024-06-02 12:41:46', '2024-06-02 12:41:46'),
	(98, 4500, '2024-06-02 19:42:55', 'Y', 94, 6, '2024-06-02 12:42:55', '2024-06-02 12:42:55'),
	(99, 4500, '2024-06-02 19:43:39', 'Y', 95, 6, '2024-06-02 12:43:39', '2024-06-02 12:43:39'),
	(100, 2500, '2024-06-02 19:47:45', 'Y', 96, 1, '2024-06-02 12:47:45', '2024-06-02 12:47:45'),
	(101, 2500, '2024-06-02 19:48:17', 'Y', 97, 1, '2024-06-02 12:48:17', '2024-06-02 12:48:17'),
	(102, 5800, '2024-06-02 19:49:16', 'Y', 98, 1, '2024-06-02 12:49:16', '2024-06-02 12:49:16'),
	(103, 5500, '2024-06-02 19:51:53', 'Y', 99, 1, '2024-06-02 12:51:53', '2024-06-02 12:51:53'),
	(104, 3200, '2024-06-02 19:53:00', 'Y', 100, 5, '2024-06-02 12:53:00', '2024-06-02 12:53:00'),
	(105, 6000, '2024-06-02 19:55:26', 'Y', 101, 1, '2024-06-02 12:55:26', '2024-06-02 12:55:26'),
	(106, 6000, '2024-06-02 19:56:25', 'Y', 102, 1, '2024-06-02 12:56:25', '2024-06-02 12:56:25'),
	(107, 9500, '2024-06-02 19:58:52', 'Y', 103, 1, '2024-06-02 12:58:52', '2024-06-02 12:58:52'),
	(108, 5550, '2024-06-02 20:00:33', 'Y', 104, 1, '2024-06-02 13:00:33', '2024-06-02 13:00:33'),
	(109, 6000, '2024-06-02 20:01:37', 'Y', 105, 1, '2024-06-02 13:01:37', '2024-06-02 13:01:37'),
	(110, 3500, '2024-06-02 20:02:59', 'Y', 106, 1, '2024-06-02 13:02:59', '2024-06-02 13:02:59'),
	(111, 5800, '2024-06-02 20:06:19', 'Y', 107, 1, '2024-06-02 13:06:19', '2024-06-02 13:06:19'),
	(112, 6500, '2024-06-02 20:09:59', 'Y', 108, 1, '2024-06-02 13:09:59', '2024-06-02 13:09:59'),
	(113, 6500, '2024-06-02 20:10:35', 'Y', 109, 1, '2024-06-02 13:10:35', '2024-06-02 13:10:35'),
	(114, 5500, '2024-06-02 20:12:45', 'Y', 110, 1, '2024-06-02 13:12:45', '2024-06-02 13:12:45'),
	(115, 5500, '2024-06-02 20:13:49', 'Y', 111, 1, '2024-06-02 13:13:49', '2024-06-02 13:13:49'),
	(116, 6800, '2024-06-02 20:16:59', 'Y', 112, 1, '2024-06-02 13:16:59', '2024-06-02 13:16:59'),
	(117, 7500, '2024-06-02 20:18:40', 'Y', 113, 1, '2024-06-02 13:18:40', '2024-06-02 13:18:40'),
	(118, 6000, '2024-06-02 20:19:27', 'Y', 114, 1, '2024-06-02 13:19:27', '2024-06-02 13:19:27'),
	(119, 6000, '2024-06-02 20:20:10', 'Y', 115, 1, '2024-06-02 13:20:10', '2024-06-02 13:20:10'),
	(120, 7000, '2024-06-02 20:20:55', 'Y', 116, 1, '2024-06-02 13:20:55', '2024-06-02 13:20:55'),
	(121, 4500, '2024-06-02 20:21:51', 'Y', 117, 1, '2024-06-02 13:21:51', '2024-06-02 13:21:51'),
	(122, 4500, '2024-06-02 20:22:58', 'Y', 118, 1, '2024-06-02 13:22:58', '2024-06-02 13:22:58'),
	(123, 4500, '2024-06-02 20:23:38', 'Y', 119, 5, '2024-06-02 13:23:38', '2024-06-02 13:23:38'),
	(124, 5800, '2024-06-02 20:24:38', 'Y', 120, 1, '2024-06-02 13:24:38', '2024-06-02 13:24:38'),
	(125, 5500, '2024-06-02 20:25:51', 'Y', 121, 1, '2024-06-02 13:25:51', '2024-06-02 13:25:51'),
	(126, 5500, '2024-06-02 20:26:35', 'Y', 122, 4, '2024-06-02 13:26:35', '2024-06-02 13:26:35'),
	(127, 5500, '2024-06-02 20:27:22', 'Y', 123, 2, '2024-06-02 13:27:22', '2024-06-02 13:27:22'),
	(128, 5500, '2024-06-02 20:29:45', 'Y', 124, 1, '2024-06-02 13:29:45', '2024-06-02 13:29:45'),
	(129, 5500, '2024-06-02 20:30:23', 'Y', 125, 2, '2024-06-02 13:30:23', '2024-06-02 13:30:23'),
	(130, 5500, '2024-06-02 20:31:01', 'Y', 126, 2, '2024-06-02 13:31:01', '2024-06-02 13:31:01'),
	(131, 5500, '2024-06-02 20:32:56', 'Y', 127, 2, '2024-06-02 13:32:56', '2024-06-02 13:32:56'),
	(132, 5500, '2024-06-02 20:36:09', 'Y', 128, 2, '2024-06-02 13:36:09', '2024-06-02 13:36:09'),
	(133, 2650, '2024-06-02 20:39:02', 'Y', 129, 6, '2024-06-02 13:39:02', '2024-06-02 13:39:02'),
	(134, 2650, '2024-06-02 20:39:43', 'Y', 130, 6, '2024-06-02 13:39:43', '2024-06-02 13:39:43'),
	(135, 2500, '2024-06-02 20:47:32', 'Y', 131, 6, '2024-06-02 13:47:32', '2024-06-02 13:47:32'),
	(136, 2500, '2024-06-02 20:48:08', 'Y', 132, 6, '2024-06-02 13:48:08', '2024-06-02 13:48:08'),
	(137, 2500, '2024-06-02 20:48:47', 'Y', 133, 6, '2024-06-02 13:48:47', '2024-06-02 13:48:47'),
	(138, 2500, '2024-06-02 20:49:35', 'Y', 134, 1, '2024-06-02 13:49:35', '2024-06-02 13:49:35'),
	(139, 2500, '2024-06-02 20:50:11', 'Y', 135, 1, '2024-06-02 13:50:11', '2024-06-02 13:50:11'),
	(140, 2000, '2024-06-02 20:58:48', 'Y', 136, 2, '2024-06-02 13:58:48', '2024-06-02 13:58:48'),
	(141, 6350, '2024-06-08 17:40:25', 'Y', 137, 7, '2024-06-08 10:40:25', '2024-06-08 10:40:25'),
	(142, 6350, '2024-06-08 17:41:33', 'Y', 138, 7, '2024-06-08 10:41:33', '2024-06-08 10:41:33'),
	(143, 5600, '2024-06-08 17:45:42', 'Y', 139, 7, '2024-06-08 10:45:42', '2024-06-08 10:45:42'),
	(144, 3675, '2024-06-08 17:48:10', 'Y', 140, 7, '2024-06-08 10:48:10', '2024-06-08 10:48:10'),
	(145, 11750, '2024-06-08 17:55:09', 'Y', 141, 7, '2024-06-08 10:55:09', '2024-06-08 10:55:09'),
	(146, 11750, '2024-06-08 17:58:56', 'Y', 142, 7, '2024-06-08 10:58:56', '2024-06-08 10:58:56'),
	(147, 11750, '2024-06-08 18:00:44', 'Y', 143, 7, '2024-06-08 11:00:44', '2024-06-08 11:00:44'),
	(148, 11750, '2024-06-08 18:01:26', 'Y', 144, 7, '2024-06-08 11:01:26', '2024-06-08 11:01:26'),
	(149, 3225, '2024-06-08 18:05:14', 'Y', 145, 7, '2024-06-08 11:05:14', '2024-06-08 11:05:14'),
	(150, 5850, '2024-06-08 18:09:14', 'Y', 146, 7, '2024-06-08 11:09:14', '2024-06-08 11:09:14'),
	(151, 4400, '2024-06-08 18:12:39', 'Y', 147, 7, '2024-06-08 11:12:39', '2024-06-08 11:12:39'),
	(152, 4625, '2024-06-08 18:17:56', 'Y', 148, 7, '2024-06-08 11:17:56', '2024-06-08 11:17:56'),
	(153, 4625, '2024-06-08 18:18:43', 'Y', 149, 7, '2024-06-08 11:18:43', '2024-06-08 11:18:43'),
	(154, 4625, '2024-06-08 18:19:17', 'Y', 150, 7, '2024-06-08 11:19:17', '2024-06-08 11:19:17'),
	(155, 4700, '2024-06-08 18:21:52', 'Y', 151, 7, '2024-06-08 11:21:52', '2024-06-08 11:21:52'),
	(156, 4700, '2024-06-08 18:22:21', 'Y', 152, 7, '2024-06-08 11:22:21', '2024-06-08 11:22:21'),
	(157, 6250, '2024-06-08 18:33:07', 'Y', 153, 7, '2024-06-08 11:33:07', '2024-06-08 11:33:07'),
	(158, 6250, '2024-06-08 18:34:00', 'Y', 154, 7, '2024-06-08 11:34:00', '2024-06-08 11:34:00'),
	(159, 9300, '2024-06-08 20:03:01', 'Y', 155, 5, '2024-06-08 13:03:01', '2024-06-08 13:03:01'),
	(160, 9300, '2024-06-08 20:04:07', 'Y', 156, 5, '2024-06-08 13:04:07', '2024-06-08 13:04:07'),
	(161, 9300, '2024-06-08 20:10:30', 'Y', 157, 5, '2024-06-08 13:10:30', '2024-06-08 13:10:30'),
	(162, 8300, '2024-06-08 20:17:40', 'Y', 158, 5, '2024-06-08 13:17:40', '2024-06-08 13:17:40'),
	(163, 8300, '2024-06-08 20:18:42', 'Y', 159, 5, '2024-06-08 13:18:42', '2024-06-08 13:18:42'),
	(164, 8300, '2024-06-08 20:20:13', 'Y', 160, 5, '2024-06-08 13:20:13', '2024-06-08 13:20:13'),
	(165, 3700, '2024-06-08 20:21:32', 'Y', 161, 5, '2024-06-08 13:21:32', '2024-06-08 13:21:32'),
	(166, 1650, '2024-06-08 20:36:38', 'Y', 162, 5, '2024-06-08 13:36:38', '2024-06-08 13:36:38'),
	(167, 1700, '2024-06-08 20:38:32', 'Y', 163, 5, '2024-06-08 13:38:32', '2024-06-08 13:38:32'),
	(168, 1725, '2024-06-08 20:55:04', 'Y', 164, 5, '2024-06-08 13:55:04', '2024-06-08 13:55:04'),
	(169, 2100, '2024-06-08 21:06:47', 'Y', 165, 5, '2024-06-08 14:06:47', '2024-06-08 14:06:47'),
	(170, 2200, '2024-06-08 21:09:10', 'Y', 166, 5, '2024-06-08 14:09:10', '2024-06-08 14:09:10'),
	(171, 2900, '2024-06-08 21:12:10', 'Y', 167, 5, '2024-06-08 14:12:10', '2024-06-08 14:12:10'),
	(172, 9500, '2024-06-09 17:04:29', 'Y', 168, 5, '2024-06-09 10:04:29', '2024-06-09 10:04:29'),
	(173, 6300, '2024-06-09 17:06:21', 'Y', 169, 5, '2024-06-09 10:06:21', '2024-06-09 10:06:21'),
	(174, 1600, '2024-06-09 17:16:39', 'Y', 170, 5, '2024-06-09 10:16:39', '2024-06-09 10:16:39'),
	(175, 1600, '2024-06-09 17:17:15', 'Y', 171, 5, '2024-06-09 10:17:15', '2024-06-09 10:17:15'),
	(176, 1700, '2024-06-09 17:19:50', 'Y', 172, 5, '2024-06-09 10:19:50', '2024-06-09 10:19:50'),
	(177, 3200, '2024-06-09 17:22:09', 'Y', 173, 5, '2024-06-09 10:22:09', '2024-06-09 10:22:09'),
	(178, 3200, '2024-06-09 17:23:02', 'Y', 174, 5, '2024-06-09 10:23:02', '2024-06-09 10:23:02'),
	(179, 3200, '2024-06-09 17:23:47', 'Y', 175, 5, '2024-06-09 10:23:47', '2024-06-09 10:23:47'),
	(180, 10600, '2024-06-09 17:25:54', 'Y', 176, 5, '2024-06-09 10:25:54', '2024-06-09 10:25:54'),
	(181, 2300, '2024-06-09 17:27:08', 'Y', 177, 5, '2024-06-09 10:27:08', '2024-06-09 10:27:08'),
	(182, 2800, '2024-06-09 17:52:19', 'Y', 178, 5, '2024-06-09 10:52:19', '2024-06-09 10:52:19'),
	(183, 4350, '2024-06-09 17:53:38', 'Y', 179, 5, '2024-06-09 10:53:38', '2024-06-09 10:53:38'),
	(184, 4350, '2024-06-09 17:56:31', 'Y', 180, 5, '2024-06-09 10:56:31', '2024-06-09 10:56:31'),
	(185, 4350, '2024-06-09 17:57:46', 'Y', 181, 5, '2024-06-09 10:57:46', '2024-06-09 10:57:46'),
	(186, 4350, '2024-06-09 17:58:41', 'Y', 182, 5, '2024-06-09 10:58:41', '2024-06-09 10:58:41'),
	(187, 4350, '2024-06-09 17:59:54', 'Y', 183, 5, '2024-06-09 10:59:54', '2024-06-09 10:59:54'),
	(188, 4100, '2024-06-09 18:01:01', 'Y', 184, 5, '2024-06-09 11:01:01', '2024-06-09 11:01:01'),
	(189, 4100, '2024-06-09 18:02:04', 'Y', 185, 5, '2024-06-09 11:02:04', '2024-06-09 11:02:04'),
	(190, 4100, '2024-06-09 18:03:03', 'Y', 186, 5, '2024-06-09 11:03:03', '2024-06-09 11:03:03'),
	(191, 1450, '2024-06-09 18:06:31', 'Y', 187, 5, '2024-06-09 11:06:31', '2024-06-09 11:06:31'),
	(192, 750, '2024-06-09 18:10:28', 'Y', 188, 5, '2024-06-09 11:10:28', '2024-06-09 11:10:28'),
	(193, 825, '2024-06-09 18:12:19', 'Y', 189, 5, '2024-06-09 11:12:19', '2024-06-09 11:12:19'),
	(194, 9000, '2024-06-09 18:16:22', 'Y', 190, 5, '2024-06-09 11:16:22', '2024-06-09 11:16:22'),
	(195, 950, '2024-06-09 18:17:21', 'Y', 191, 5, '2024-06-09 11:17:21', '2024-06-09 11:17:21'),
	(196, 950, '2024-06-09 18:18:02', 'Y', 192, 5, '2024-06-09 11:18:02', '2024-06-09 11:18:02'),
	(197, 950, '2024-06-09 18:18:43', 'Y', 193, 5, '2024-06-09 11:18:43', '2024-06-09 11:18:43'),
	(198, 5450, '2024-06-09 18:21:30', 'Y', 194, 5, '2024-06-09 11:21:30', '2024-06-09 11:21:30'),
	(199, 5450, '2024-06-09 18:22:19', 'Y', 195, 5, '2024-06-09 11:22:19', '2024-06-09 11:22:19'),
	(200, 5450, '2024-06-09 18:23:18', 'Y', 196, 5, '2024-06-09 11:23:18', '2024-06-09 11:23:18'),
	(201, 5450, '2024-06-09 18:23:54', 'Y', 197, 5, '2024-06-09 11:23:54', '2024-06-09 11:23:54'),
	(202, 1650, '2024-06-09 18:25:00', 'Y', 198, 5, '2024-06-09 11:25:00', '2024-06-09 11:25:00'),
	(203, 5450, '2024-06-09 18:25:39', 'Y', 199, 5, '2024-06-09 11:25:39', '2024-06-09 11:25:39'),
	(204, 5450, '2024-06-09 18:26:09', 'Y', 200, 5, '2024-06-09 11:26:09', '2024-06-09 11:26:09'),
	(205, 2725, '2024-06-09 18:28:41', 'Y', 201, 5, '2024-06-09 11:28:41', '2024-06-09 11:28:41'),
	(206, 2725, '2024-06-09 18:29:36', 'Y', 202, 5, '2024-06-09 11:29:36', '2024-06-09 11:29:36'),
	(207, 3500, '2024-06-09 18:30:42', 'Y', 203, 5, '2024-06-09 11:30:42', '2024-06-09 11:30:42'),
	(208, 2700, '2024-06-09 18:33:30', 'Y', 204, 5, '2024-06-09 11:33:30', '2024-06-09 11:33:30'),
	(209, 3375, '2024-06-09 18:35:25', 'Y', 205, 5, '2024-06-09 11:35:25', '2024-06-09 11:35:25'),
	(210, 3375, '2024-06-09 18:36:31', 'Y', 132, 5, '2024-06-09 11:36:31', '2024-06-09 11:36:31'),
	(211, 2600, '2024-06-09 18:38:55', 'Y', 97, 5, '2024-06-09 11:38:55', '2024-06-09 11:38:55'),
	(212, 850, '2024-06-09 18:41:15', 'Y', 206, 5, '2024-06-09 11:41:15', '2024-06-09 11:41:15'),
	(213, 1400, '2024-06-09 18:43:25', 'Y', 207, 5, '2024-06-09 11:43:25', '2024-06-09 11:43:25'),
	(214, 3400, '2024-06-09 18:46:43', 'Y', 87, 5, '2024-06-09 11:46:43', '2024-06-09 11:46:43'),
	(215, 3400, '2024-06-09 18:47:44', 'Y', 208, 5, '2024-06-09 11:47:44', '2024-06-09 11:47:44'),
	(216, 3300, '2024-06-09 18:53:24', 'Y', 90, 5, '2024-06-09 11:53:24', '2024-06-09 11:53:24'),
	(217, 3300, '2024-06-09 18:54:35', 'Y', 209, 5, '2024-06-09 11:54:35', '2024-06-09 11:54:35'),
	(218, 4400, '2024-06-09 18:56:18', 'Y', 210, 5, '2024-06-09 11:56:18', '2024-06-09 11:56:18'),
	(219, 3300, '2024-06-09 18:57:51', 'Y', 211, 5, '2024-06-09 11:57:51', '2024-06-09 11:57:51'),
	(220, 3300, '2024-06-09 18:58:38', 'Y', 212, 5, '2024-06-09 11:58:38', '2024-06-09 11:58:38'),
	(221, 27300, '2024-06-09 19:00:36', 'Y', 213, 5, '2024-06-09 12:00:36', '2024-06-09 12:00:36'),
	(222, 26500, '2024-06-09 19:01:17', 'Y', 214, 5, '2024-06-09 12:01:17', '2024-06-09 12:01:17'),
	(223, 10900, '2024-06-09 19:04:05', 'Y', 215, 5, '2024-06-09 12:04:05', '2024-06-09 12:04:05'),
	(224, 10900, '2024-06-09 19:04:52', 'Y', 216, 5, '2024-06-09 12:04:52', '2024-06-09 12:04:52'),
	(225, 10900, '2024-06-09 19:05:27', 'Y', 217, 5, '2024-06-09 12:05:27', '2024-06-09 12:05:27'),
	(226, 3600, '2024-06-09 19:08:14', 'Y', 218, 5, '2024-06-09 12:08:14', '2024-06-09 12:08:14'),
	(227, 3600, '2024-06-09 19:08:52', 'Y', 219, 5, '2024-06-09 12:08:52', '2024-06-09 12:08:52'),
	(228, 3600, '2024-06-09 19:09:42', 'Y', 220, 5, '2024-06-09 12:09:42', '2024-06-09 12:09:42'),
	(229, 3600, '2024-06-09 19:10:23', 'Y', 221, 5, '2024-06-09 12:10:23', '2024-06-09 12:10:23'),
	(230, 800, '2024-06-09 19:16:21', 'Y', 222, 5, '2024-06-09 12:16:21', '2024-06-09 12:16:21'),
	(231, 800, '2024-06-09 19:17:24', 'Y', 223, 5, '2024-06-09 12:17:24', '2024-06-09 12:17:24'),
	(232, 800, '2024-06-09 19:18:07', 'Y', 224, 5, '2024-06-09 12:18:07', '2024-06-09 12:18:07'),
	(233, 470, '2024-06-09 19:21:49', 'Y', 225, 5, '2024-06-09 12:21:49', '2024-06-09 12:21:49'),
	(234, 470, '2024-06-09 19:23:08', 'Y', 226, 5, '2024-06-09 12:23:08', '2024-06-09 12:23:08'),
	(235, 3800, '2024-06-09 19:56:17', 'Y', 227, 5, '2024-06-09 12:56:17', '2024-06-09 12:56:17'),
	(236, 3800, '2024-06-09 19:58:02', 'Y', 228, 5, '2024-06-09 12:58:02', '2024-06-09 12:58:02'),
	(237, 3700, '2024-06-09 20:01:16', 'Y', 229, 5, '2024-06-09 13:01:16', '2024-06-09 13:01:16'),
	(238, 6400, '2024-06-09 20:23:36', 'Y', 230, 5, '2024-06-09 13:23:36', '2024-06-09 13:23:36'),
	(239, 4800, '2024-06-09 20:27:06', 'Y', 231, 5, '2024-06-09 13:27:06', '2024-06-09 13:27:06'),
	(240, 4825, '2024-06-09 20:28:15', 'Y', 232, 5, '2024-06-09 13:28:15', '2024-06-09 13:28:15'),
	(241, 4350, '2024-06-09 20:33:24', 'Y', 233, 5, '2024-06-09 13:33:24', '2024-06-09 13:33:24'),
	(242, 4350, '2024-06-09 20:33:59', 'Y', 234, 5, '2024-06-09 13:33:59', '2024-06-09 13:33:59'),
	(243, 4350, '2024-06-09 20:34:30', 'Y', 235, 5, '2024-06-09 13:34:30', '2024-06-09 13:34:30'),
	(244, 2800, '2024-06-09 20:40:26', 'Y', 236, 5, '2024-06-09 13:40:26', '2024-06-09 13:40:26'),
	(245, 2000, '2024-06-09 20:41:43', 'Y', 237, 5, '2024-06-09 13:41:43', '2024-06-09 13:41:43'),
	(246, 2000, '2024-06-09 20:42:19', 'Y', 238, 5, '2024-06-09 13:42:19', '2024-06-09 13:42:19'),
	(247, 2900, '2024-06-09 20:47:04', 'Y', 239, 5, '2024-06-09 13:47:04', '2024-06-09 13:47:04'),
	(248, 2750, '2024-06-09 20:48:00', 'Y', 240, 5, '2024-06-09 13:48:00', '2024-06-09 13:48:00'),
	(249, 2800, '2024-06-09 20:49:34', 'Y', 241, 5, '2024-06-09 13:49:34', '2024-06-09 13:49:34'),
	(250, 8100, '2024-06-09 21:26:23', 'Y', 242, 5, '2024-06-09 14:26:23', '2024-06-09 14:26:23'),
	(251, 5500, '2024-06-09 21:27:19', 'Y', 243, 5, '2024-06-09 14:27:19', '2024-06-09 14:27:19'),
	(252, 7600, '2024-06-09 21:28:36', 'Y', 244, 5, '2024-06-09 14:28:36', '2024-06-09 14:28:36'),
	(253, 4800, '2024-06-09 21:30:41', 'Y', 245, 5, '2024-06-09 14:30:41', '2024-06-09 14:30:41'),
	(254, 2800, '2024-06-09 21:38:39', 'Y', 246, 5, '2024-06-09 14:38:39', '2024-06-09 14:38:39'),
	(255, 2800, '2024-06-09 21:39:36', 'Y', 247, 5, '2024-06-09 14:39:36', '2024-06-09 14:39:36'),
	(256, 6600, '2024-06-09 21:43:08', 'Y', 248, 5, '2024-06-09 14:43:08', '2024-06-09 14:43:08'),
	(257, 7500, '2024-06-09 21:44:19', 'Y', 249, 5, '2024-06-09 14:44:19', '2024-06-09 14:44:19'),
	(258, 2750, '2024-06-10 14:19:50', 'Y', 250, 5, '2024-06-10 07:19:50', '2024-06-10 07:19:50'),
	(259, 2800, '2024-06-10 14:22:08', 'Y', 251, 5, '2024-06-10 07:22:08', '2024-06-10 07:22:08'),
	(260, 4200, '2024-06-10 16:44:37', 'Y', 252, 6, '2024-06-10 09:44:37', '2024-06-10 09:44:37'),
	(261, 425, '2024-06-10 16:46:08', 'Y', 253, 6, '2024-06-10 09:46:08', '2024-06-10 09:46:08'),
	(262, 850, '2024-06-10 16:47:13', 'Y', 254, 6, '2024-06-10 09:47:13', '2024-06-10 09:47:13'),
	(263, 2200, '2024-06-10 16:55:08', 'Y', 255, 7, '2024-06-10 09:55:08', '2024-06-10 09:55:08'),
	(264, 1100, '2024-06-10 16:58:49', 'Y', 256, 7, '2024-06-10 09:58:49', '2024-06-10 09:58:49'),
	(265, 1100, '2024-06-10 17:05:01', 'Y', 257, 2, '2024-06-10 10:05:01', '2024-06-10 10:05:01'),
	(266, 3500, '2024-06-10 17:08:29', 'Y', 258, 9, '2024-06-10 10:08:29', '2024-06-10 10:08:29'),
	(267, 7800, '2024-06-10 17:22:49', 'Y', 259, 7, '2024-06-10 10:22:49', '2024-06-10 10:22:49'),
	(268, 7350, '2024-06-10 17:24:41', 'Y', 260, 7, '2024-06-10 10:24:41', '2024-06-10 10:24:41'),
	(269, 9500, '2024-06-10 17:40:41', 'Y', 261, 4, '2024-06-10 10:40:41', '2024-06-10 10:40:41'),
	(270, 8500, '2024-06-10 17:43:57', 'Y', 262, 4, '2024-06-10 10:43:57', '2024-06-10 10:43:57'),
	(271, 7500, '2024-06-10 17:45:07', 'Y', 263, 4, '2024-06-10 10:45:07', '2024-06-10 10:45:07'),
	(272, 1500, '2024-06-10 17:48:41', 'Y', 264, 5, '2024-06-10 10:48:41', '2024-06-10 10:48:41'),
	(273, 1500, '2024-06-10 17:49:42', 'Y', 265, 5, '2024-06-10 10:49:42', '2024-06-10 10:49:42'),
	(274, 2000, '2024-06-10 17:54:20', 'Y', 266, 5, '2024-06-10 10:54:20', '2024-06-10 10:54:20'),
	(275, 2000, '2024-06-10 17:55:58', 'Y', 267, 5, '2024-06-10 10:55:58', '2024-06-10 10:55:58'),
	(276, 2000, '2024-06-10 17:56:45', 'Y', 268, 5, '2024-06-10 10:56:45', '2024-06-10 10:56:45'),
	(277, 3500, '2024-06-12 07:52:41', 'Y', 269, 1, '2024-06-12 00:52:41', '2024-06-12 00:52:41'),
	(278, 3500, '2024-06-12 07:53:38', 'Y', 270, 1, '2024-06-12 00:53:38', '2024-06-12 00:53:38'),
	(279, 2100, '2024-06-12 07:54:49', 'Y', 271, 1, '2024-06-12 00:54:49', '2024-06-12 00:54:49'),
	(280, 2100, '2024-06-12 07:55:55', 'Y', 272, 1, '2024-06-12 00:55:55', '2024-06-12 00:55:55'),
	(281, 1300, '2024-06-12 07:57:06', 'Y', 273, 1, '2024-06-12 00:57:06', '2024-06-12 00:57:06'),
	(282, 2300, '2024-06-12 07:58:21', 'Y', 274, 1, '2024-06-12 00:58:21', '2024-06-12 00:58:21'),
	(283, 1800, '2024-06-12 07:59:41', 'Y', 275, 1, '2024-06-12 00:59:41', '2024-06-12 00:59:41'),
	(284, 3800, '2024-06-12 08:05:31', 'Y', 276, 5, '2024-06-12 01:05:31', '2024-06-12 01:05:31'),
	(285, 2100, '2024-06-12 08:06:35', 'Y', 277, 1, '2024-06-12 01:06:35', '2024-06-12 01:06:35'),
	(286, 2200, '2024-06-12 08:09:19', 'Y', 278, 1, '2024-06-12 01:09:19', '2024-06-12 01:09:19'),
	(287, 2200, '2024-06-12 08:10:52', 'Y', 279, 1, '2024-06-12 01:10:52', '2024-06-12 01:10:52'),
	(288, 1200, '2024-06-12 08:13:46', 'Y', 280, 6, '2024-06-12 01:13:46', '2024-06-12 01:13:46'),
	(289, 1200, '2024-06-12 08:14:39', 'Y', 281, 6, '2024-06-12 01:14:39', '2024-06-12 01:14:39'),
	(290, 1200, '2024-06-12 08:15:24', 'Y', 282, 6, '2024-06-12 01:15:24', '2024-06-12 01:15:24'),
	(291, 1200, '2024-06-12 08:15:59', 'Y', 283, 6, '2024-06-12 01:15:59', '2024-06-12 01:15:59'),
	(292, 1200, '2024-06-12 08:16:37', 'Y', 284, 6, '2024-06-12 01:16:37', '2024-06-12 01:16:37'),
	(293, 1200, '2024-06-12 08:17:16', 'Y', 285, 6, '2024-06-12 01:17:16', '2024-06-12 01:17:16'),
	(294, 1200, '2024-06-12 08:17:58', 'Y', 286, 6, '2024-06-12 01:17:58', '2024-06-12 01:17:58'),
	(295, 1300, '2024-06-12 08:22:08', 'Y', 287, 1, '2024-06-12 01:22:08', '2024-06-12 01:22:08'),
	(296, 1200, '2024-06-12 08:24:17', 'Y', 288, 1, '2024-06-12 01:24:17', '2024-06-12 01:24:17'),
	(297, 1800, '2024-06-12 08:25:32', 'Y', 289, 1, '2024-06-12 01:25:32', '2024-06-12 01:25:32'),
	(298, 1350, '2024-06-12 08:26:34', 'Y', 290, 1, '2024-06-12 01:26:34', '2024-06-12 01:26:34'),
	(299, 1250, '2024-06-12 08:27:46', 'Y', 291, 1, '2024-06-12 01:27:46', '2024-06-12 01:27:46'),
	(300, 1200, '2024-06-12 08:28:38', 'Y', 292, 6, '2024-06-12 01:28:38', '2024-06-12 01:28:38'),
	(301, 1250, '2024-06-12 08:39:29', 'Y', 293, 1, '2024-06-12 01:39:29', '2024-06-12 01:39:29'),
	(302, 1200, '2024-06-12 08:40:59', 'Y', 294, 1, '2024-06-12 01:40:59', '2024-06-12 01:40:59'),
	(303, 3000, '2024-06-12 17:00:46', 'Y', 295, 5, '2024-06-12 10:00:46', '2024-06-12 10:00:46'),
	(304, 3000, '2024-06-12 17:01:29', 'Y', 296, 5, '2024-06-12 10:01:29', '2024-06-12 10:01:29'),
	(305, 3000, '2024-06-12 17:03:18', 'Y', 297, 5, '2024-06-12 10:03:18', '2024-06-12 10:03:18'),
	(306, 13800, '2024-06-12 17:04:57', 'Y', 298, 1, '2024-06-12 10:04:57', '2024-06-12 10:04:57'),
	(307, 1200, '2024-06-12 17:05:54', 'Y', 299, 1, '2024-06-12 10:05:54', '2024-06-12 10:05:54'),
	(308, 1300, '2024-06-12 17:07:15', 'Y', 300, 1, '2024-06-12 10:07:15', '2024-06-12 10:07:15'),
	(309, 1700, '2024-06-12 17:09:22', 'Y', 301, 1, '2024-06-12 10:09:22', '2024-06-12 10:09:22'),
	(310, 1800, '2024-06-12 17:10:14', 'Y', 302, 1, '2024-06-12 10:10:14', '2024-06-12 10:10:14'),
	(311, 1200, '2024-06-12 17:11:40', 'Y', 303, 6, '2024-06-12 10:11:40', '2024-06-12 10:11:40'),
	(312, 3500, '2024-06-12 17:14:03', 'Y', 304, 1, '2024-06-12 10:14:03', '2024-06-12 10:14:03'),
	(313, 2250, '2024-06-12 17:14:49', 'Y', 305, 1, '2024-06-12 10:14:49', '2024-06-12 10:14:49'),
	(314, 1700, '2024-06-12 17:16:01', 'Y', 306, 1, '2024-06-12 10:16:01', '2024-06-12 10:16:01'),
	(315, 2100, '2024-06-12 17:16:34', 'Y', 307, 1, '2024-06-12 10:16:34', '2024-06-12 10:16:34'),
	(316, 1300, '2024-06-12 17:17:34', 'Y', 308, 1, '2024-06-12 10:17:34', '2024-06-12 10:17:34'),
	(317, 800, '2024-06-12 17:18:45', 'Y', 309, 1, '2024-06-12 10:18:45', '2024-06-12 10:18:45'),
	(318, 1800, '2024-06-12 17:19:28', 'Y', 310, 1, '2024-06-12 10:19:28', '2024-06-12 10:19:28'),
	(319, 800, '2024-06-12 17:20:34', 'Y', 311, 1, '2024-06-12 10:20:34', '2024-06-12 10:20:34'),
	(320, 1300, '2024-06-12 17:21:41', 'Y', 312, 1, '2024-06-12 10:21:41', '2024-06-12 10:21:41'),
	(321, 2500, '2024-06-12 17:23:04', 'Y', 313, 1, '2024-06-12 10:23:04', '2024-06-12 10:23:04'),
	(322, 2400, '2024-06-12 17:26:01', 'Y', 314, 5, '2024-06-12 10:26:01', '2024-06-12 10:26:01'),
	(323, 1200, '2024-06-12 17:36:13', 'Y', 315, 1, '2024-06-12 10:36:13', '2024-06-12 10:36:13'),
	(324, 3800, '2024-06-12 17:44:09', 'Y', 316, 1, '2024-06-12 10:44:09', '2024-06-12 10:44:09'),
	(325, 2900, '2024-06-12 17:45:53', 'Y', 317, 1, '2024-06-12 10:45:53', '2024-06-12 10:45:53'),
	(326, 2900, '2024-06-12 17:47:39', 'Y', 318, 4, '2024-06-12 10:47:39', '2024-06-12 10:47:39'),
	(327, 2900, '2024-06-12 17:48:48', 'Y', 319, 4, '2024-06-12 10:48:48', '2024-06-12 10:48:48'),
	(328, 3300, '2024-06-12 17:51:07', 'Y', 320, 1, '2024-06-12 10:51:07', '2024-06-12 10:51:07'),
	(329, 1900, '2024-06-12 17:53:09', 'Y', 321, 5, '2024-06-12 10:53:09', '2024-06-12 10:53:09'),
	(330, 2900, '2024-06-12 17:54:49', 'Y', 322, 1, '2024-06-12 10:54:49', '2024-06-12 10:54:49'),
	(331, 2900, '2024-06-12 17:56:02', 'Y', 323, 5, '2024-06-12 10:56:02', '2024-06-12 10:56:02'),
	(332, 2900, '2024-06-12 17:56:51', 'Y', 324, 5, '2024-06-12 10:56:51', '2024-06-12 10:56:51'),
	(333, 2900, '2024-06-12 17:57:53', 'Y', 325, 5, '2024-06-12 10:57:53', '2024-06-12 10:57:53'),
	(334, 2800, '2024-06-12 17:59:18', 'Y', 326, 2, '2024-06-12 10:59:18', '2024-06-12 10:59:18'),
	(335, 2800, '2024-06-12 18:00:22', 'Y', 327, 5, '2024-06-12 11:00:22', '2024-06-12 11:00:22'),
	(336, 2900, '2024-06-12 18:01:21', 'Y', 328, 5, '2024-06-12 11:01:21', '2024-06-12 11:01:21'),
	(337, 2900, '2024-06-12 18:02:35', 'Y', 329, 5, '2024-06-12 11:02:35', '2024-06-12 11:02:35'),
	(338, 2900, '2024-06-12 18:03:31', 'Y', 330, 5, '2024-06-12 11:03:31', '2024-06-12 11:03:31'),
	(339, 2900, '2024-06-12 18:04:16', 'Y', 331, 5, '2024-06-12 11:04:16', '2024-06-12 11:04:16'),
	(340, 2900, '2024-06-12 18:05:28', 'Y', 332, 5, '2024-06-12 11:05:28', '2024-06-12 11:05:28'),
	(341, 2900, '2024-06-12 18:06:12', 'Y', 333, 5, '2024-06-12 11:06:12', '2024-06-12 11:06:12'),
	(342, 2900, '2024-06-12 18:07:37', 'Y', 334, 5, '2024-06-12 11:07:37', '2024-06-12 11:07:37'),
	(343, 2900, '2024-06-12 18:08:27', 'Y', 335, 5, '2024-06-12 11:08:27', '2024-06-12 11:08:27'),
	(344, 750, '2024-06-12 18:16:11', 'Y', 336, 5, '2024-06-12 11:16:11', '2024-06-12 11:16:11'),
	(345, 1800, '2024-06-12 18:20:24', 'Y', 337, 5, '2024-06-12 11:20:24', '2024-06-12 11:20:24'),
	(346, 1900, '2024-06-12 18:22:18', 'Y', 338, 1, '2024-06-12 11:22:18', '2024-06-12 11:22:18');

-- Dumping structure for table laravel.transaksi
DROP TABLE IF EXISTS `transaksi`;
CREATE TABLE IF NOT EXISTS `transaksi` (
  `id` bigint unsigned NOT NULL AUTO_INCREMENT,
  `tanggal` date DEFAULT NULL,
  `jumlah_item` int DEFAULT '0',
  `total_harga` int DEFAULT '0',
  `invoice` varchar(255) COLLATE utf8mb4_unicode_ci DEFAULT NULL,
  `administrasi` int DEFAULT NULL,
  `diskon` int DEFAULT NULL,
  `user_id` bigint unsigned NOT NULL,
  `metode_id` bigint unsigned NOT NULL,
  `created_at` timestamp NULL DEFAULT NULL,
  `updated_at` timestamp NULL DEFAULT NULL,
  PRIMARY KEY (`id`),
  KEY `transaksi_user_id_foreign` (`user_id`),
  KEY `transaksi_metode_id_foreign` (`metode_id`),
  CONSTRAINT `transaksi_metode_id_foreign` FOREIGN KEY (`metode_id`) REFERENCES `metode_pembayaran` (`id`) ON DELETE CASCADE,
  CONSTRAINT `transaksi_user_id_foreign` FOREIGN KEY (`user_id`) REFERENCES `user` (`id`) ON DELETE CASCADE
) ENGINE=InnoDB AUTO_INCREMENT=11 DEFAULT CHARSET=utf8mb4 COLLATE=utf8mb4_unicode_ci;

-- Dumping data for table laravel.transaksi: ~9 rows (approximately)
INSERT INTO `transaksi` (`id`, `tanggal`, `jumlah_item`, `total_harga`, `invoice`, `administrasi`, `diskon`, `user_id`, `metode_id`, `created_at`, `updated_at`) VALUES
	(1, '2024-06-01', 1, 76500, '665B03C6087E6', 0, 0, 1, 1, '2024-06-01 11:19:34', '2024-06-01 11:19:34'),
	(2, '2024-06-01', 1, 102000, '665B04C46781C', 306, 0, 1, 2, '2024-06-01 11:23:48', '2024-06-01 11:23:48'),
	(3, '2024-06-02', 1, 76500, '665BD77C0E6E2', 0, 0, 1, 1, '2024-06-02 02:22:52', '2024-06-02 02:22:52'),
	(4, '2024-06-02', 1, 153000, '665BDBDAB3185', 0, 0, 1, 1, '2024-06-02 02:41:30', '2024-06-02 02:41:30'),
	(5, '2024-06-02', 1, 25500, '665BDCF5DA8C0', 0, 0, 1, 1, '2024-06-02 02:46:13', '2024-06-02 02:46:13'),
	(6, '2024-06-02', 1, 25500, '665BE119CFEA3', 0, 0, 1, 1, '2024-06-02 03:03:53', '2024-06-02 03:03:53'),
	(7, '2024-06-02', 1, 25500, '665BE19995F7C', 0, 0, 1, 1, '2024-06-02 03:06:01', '2024-06-02 03:06:01'),
	(8, '2024-06-02', 1, 25500, '665BE21337CCA', 0, 0, 1, 1, '2024-06-02 03:08:03', '2024-06-02 03:08:03'),
	(9, '2024-06-02', 1, 76500, '665BE3096BFEB', 0, 0, 1, 1, '2024-06-02 03:12:09', '2024-06-02 03:12:09'),
	(10, '2024-06-02', 1, 51000, '665BF017E9ACF', 0, 0, 1, 1, '2024-06-02 04:07:51', '2024-06-02 04:07:51');

-- Dumping structure for table laravel.transaksi_inventori
DROP TABLE IF EXISTS `transaksi_inventori`;
CREATE TABLE IF NOT EXISTS `transaksi_inventori` (
  `id` bigint unsigned NOT NULL AUTO_INCREMENT,
  `jumlah` int DEFAULT '0',
  `harga` int DEFAULT '0',
  `produkInventori_id` int DEFAULT NULL,
  `produk_id` int DEFAULT NULL,
  `transaksi_id` int DEFAULT NULL,
  `created_at` timestamp NULL DEFAULT NULL,
  `updated_at` timestamp NULL DEFAULT NULL,
  PRIMARY KEY (`id`)
) ENGINE=InnoDB AUTO_INCREMENT=14 DEFAULT CHARSET=utf8mb4 COLLATE=utf8mb4_unicode_ci;

-- Dumping data for table laravel.transaksi_inventori: ~12 rows (approximately)
INSERT INTO `transaksi_inventori` (`id`, `jumlah`, `harga`, `produkInventori_id`, `produk_id`, `transaksi_id`, `created_at`, `updated_at`) VALUES
	(1, 3, 24300, 1, 1, 1, '2024-06-01 11:19:34', '2024-06-01 11:19:34'),
	(2, 4, 24500, 74, 1, 2, '2024-06-01 11:23:48', '2024-06-01 11:23:48'),
	(3, 3, 23600, 73, 1, 3, '2024-06-02 02:22:52', '2024-06-02 02:22:52'),
	(4, 2, 24500, 74, 1, 4, '2024-06-02 02:41:30', '2024-06-02 02:41:30'),
	(5, 4, 24250, 76, 1, 4, '2024-06-02 02:41:30', '2024-06-02 02:41:30'),
	(6, 1, 24250, 76, 1, 5, '2024-06-02 02:46:13', '2024-06-02 02:46:13'),
	(7, 1, 24500, 74, 1, 6, '2024-06-02 03:03:53', '2024-06-02 03:03:53'),
	(8, 1, 25000, 77, 1, 7, '2024-06-02 03:06:01', '2024-06-02 03:06:01'),
	(9, 1, 25000, 77, 1, 8, '2024-06-02 03:08:03', '2024-06-02 03:08:03'),
	(10, 1, 25000, 77, 1, 9, '2024-06-02 03:12:09', '2024-06-02 03:12:09'),
	(11, 2, 24700, 78, 1, 9, '2024-06-02 03:12:09', '2024-06-02 03:12:09'),
	(12, 1, 24500, 74, 1, 10, '2024-06-02 04:07:51', '2024-06-02 04:07:51'),
	(13, 1, 25000, 77, 1, 10, '2024-06-02 04:07:52', '2024-06-02 04:07:52');

-- Dumping structure for table laravel.transaksi_produk
DROP TABLE IF EXISTS `transaksi_produk`;
CREATE TABLE IF NOT EXISTS `transaksi_produk` (
  `id` bigint unsigned NOT NULL AUTO_INCREMENT,
  `barcode` varchar(255) COLLATE utf8mb4_unicode_ci DEFAULT NULL,
  `produk` varchar(255) COLLATE utf8mb4_unicode_ci DEFAULT NULL,
  `harga` int DEFAULT '0',
  `jumlah` int DEFAULT '0',
  `produk_id` bigint unsigned NOT NULL,
  `transaksi_id` bigint unsigned NOT NULL,
  `created_at` timestamp NULL DEFAULT NULL,
  `updated_at` timestamp NULL DEFAULT NULL,
  PRIMARY KEY (`id`),
  KEY `transaksi_produk_produk_id_foreign` (`produk_id`),
  KEY `transaksi_produk_transaksi_id_foreign` (`transaksi_id`),
  CONSTRAINT `transaksi_produk_produk_id_foreign` FOREIGN KEY (`produk_id`) REFERENCES `produk` (`id`) ON DELETE CASCADE,
  CONSTRAINT `transaksi_produk_transaksi_id_foreign` FOREIGN KEY (`transaksi_id`) REFERENCES `transaksi` (`id`) ON DELETE CASCADE
) ENGINE=InnoDB AUTO_INCREMENT=11 DEFAULT CHARSET=utf8mb4 COLLATE=utf8mb4_unicode_ci;

-- Dumping data for table laravel.transaksi_produk: ~0 rows (approximately)
INSERT INTO `transaksi_produk` (`id`, `barcode`, `produk`, `harga`, `jumlah`, `produk_id`, `transaksi_id`, `created_at`, `updated_at`) VALUES
	(1, '8998989110129', 'SURYA 12', 25500, 3, 1, 1, '2024-06-01 11:19:34', '2024-06-01 11:19:34'),
	(2, '8998989110129', 'SURYA 12', 25500, 4, 1, 2, '2024-06-01 11:23:48', '2024-06-01 11:23:48'),
	(3, '8998989110129', 'SURYA 12', 25500, 3, 1, 3, '2024-06-02 02:22:52', '2024-06-02 02:22:52'),
	(4, '8998989110129', 'SURYA 12', 25500, 6, 1, 4, '2024-06-02 02:41:30', '2024-06-02 02:41:30'),
	(5, '8998989110129', 'SURYA 12', 25500, 1, 1, 5, '2024-06-02 02:46:13', '2024-06-02 02:46:13'),
	(6, '8998989110129', 'SURYA 12', 25500, 1, 1, 6, '2024-06-02 03:03:53', '2024-06-02 03:03:53'),
	(7, '8998989110129', 'SURYA 12', 25500, 1, 1, 7, '2024-06-02 03:06:01', '2024-06-02 03:06:01'),
	(8, '8998989110129', 'SURYA 12', 25500, 1, 1, 8, '2024-06-02 03:08:03', '2024-06-02 03:08:03'),
	(9, '8998989110129', 'SURYA 12', 25500, 3, 1, 9, '2024-06-02 03:12:09', '2024-06-02 03:12:09'),
	(10, '8998989110129', 'SURYA 12', 25500, 2, 1, 10, '2024-06-02 04:07:52', '2024-06-02 04:07:52');

-- Dumping structure for table laravel.transaksi_produk_temp
DROP TABLE IF EXISTS `transaksi_produk_temp`;
CREATE TABLE IF NOT EXISTS `transaksi_produk_temp` (
  `id` bigint unsigned NOT NULL AUTO_INCREMENT,
  `barcode` varchar(255) COLLATE utf8mb4_unicode_ci DEFAULT NULL,
  `produk` varchar(255) COLLATE utf8mb4_unicode_ci DEFAULT NULL,
  `harga` int DEFAULT '0',
  `jumlah` int DEFAULT '0',
  `produk_id` bigint unsigned NOT NULL,
  `metode_id` int DEFAULT NULL,
  `created_at` timestamp NULL DEFAULT NULL,
  `updated_at` timestamp NULL DEFAULT NULL,
  PRIMARY KEY (`id`),
  KEY `transaksi_produk_temp_produk_id_foreign` (`produk_id`),
  CONSTRAINT `transaksi_produk_temp_produk_id_foreign` FOREIGN KEY (`produk_id`) REFERENCES `produk` (`id`) ON DELETE CASCADE
) ENGINE=InnoDB DEFAULT CHARSET=utf8mb4 COLLATE=utf8mb4_unicode_ci;

-- Dumping data for table laravel.transaksi_produk_temp: ~0 rows (approximately)

-- Dumping structure for table laravel.user
DROP TABLE IF EXISTS `user`;
CREATE TABLE IF NOT EXISTS `user` (
  `id` bigint unsigned NOT NULL AUTO_INCREMENT,
  `nama_user` varchar(50) COLLATE utf8mb4_unicode_ci NOT NULL,
  `gender` enum('L','P') COLLATE utf8mb4_unicode_ci DEFAULT NULL,
  `telpon` char(20) COLLATE utf8mb4_unicode_ci DEFAULT NULL,
  `email` varchar(255) COLLATE utf8mb4_unicode_ci NOT NULL,
  `password` varchar(255) COLLATE utf8mb4_unicode_ci NOT NULL,
  `remember_token` varchar(255) COLLATE utf8mb4_unicode_ci DEFAULT NULL,
  `is_active` enum('Y','N') COLLATE utf8mb4_unicode_ci NOT NULL DEFAULT 'Y',
  `role_id` bigint unsigned NOT NULL,
  `created_at` timestamp NULL DEFAULT NULL,
  `updated_at` timestamp NULL DEFAULT NULL,
  PRIMARY KEY (`id`),
  KEY `user_role_id_foreign` (`role_id`),
  CONSTRAINT `user_role_id_foreign` FOREIGN KEY (`role_id`) REFERENCES `user_role` (`id`) ON DELETE CASCADE
) ENGINE=InnoDB AUTO_INCREMENT=4 DEFAULT CHARSET=utf8mb4 COLLATE=utf8mb4_unicode_ci;

-- Dumping data for table laravel.user: ~2 rows (approximately)
INSERT INTO `user` (`id`, `nama_user`, `gender`, `telpon`, `email`, `password`, `remember_token`, `is_active`, `role_id`, `created_at`, `updated_at`) VALUES
	(1, 'Admin', NULL, '081292806737', 'admin@gmail.com', '$2y$10$U4Isqxfc.Ief5ERGfFaAPefqaSQdHXZnDYxEb864iujuWO1THxN02', NULL, 'Y', 1, '2024-05-23 09:23:02', '2024-05-23 09:23:02'),
	(2, 'Aditya', NULL, '081292806737', 'owner@gmail.com', '$2y$10$MCa/NAMghJwW2By/2wANB.NrAxwwmjnBN4APTiqMRaCy9N0KmodK.', NULL, 'Y', 2, '2024-05-23 09:23:03', '2024-05-23 09:23:03'),
	(3, 'Staff ', NULL, '081292806737', 'staff@gmail.com', '$2y$10$jY0Hn4zphAi0pWYlTgZAlOI4rGOFAf0vrIzENhsMsKBC6fX3QKNkm', NULL, 'Y', 3, '2024-05-23 09:23:03', '2024-05-23 09:23:03');

-- Dumping structure for table laravel.user_role
DROP TABLE IF EXISTS `user_role`;
CREATE TABLE IF NOT EXISTS `user_role` (
  `id` bigint unsigned NOT NULL AUTO_INCREMENT,
  `role` varchar(50) COLLATE utf8mb4_unicode_ci NOT NULL,
  `created_at` timestamp NULL DEFAULT NULL,
  `updated_at` timestamp NULL DEFAULT NULL,
  PRIMARY KEY (`id`)
) ENGINE=InnoDB AUTO_INCREMENT=4 DEFAULT CHARSET=utf8mb4 COLLATE=utf8mb4_unicode_ci;

-- Dumping data for table laravel.user_role: ~2 rows (approximately)
INSERT INTO `user_role` (`id`, `role`, `created_at`, `updated_at`) VALUES
	(1, 'Developer', '2024-05-23 09:23:02', '2024-05-23 09:23:02'),
	(2, 'Owner', '2024-05-23 09:23:02', '2024-05-23 09:23:02'),
	(3, 'Staff', '2024-05-23 09:23:02', '2024-05-23 09:23:02');

/*!40103 SET TIME_ZONE=IFNULL(@OLD_TIME_ZONE, 'system') */;
/*!40101 SET SQL_MODE=IFNULL(@OLD_SQL_MODE, '') */;
/*!40014 SET FOREIGN_KEY_CHECKS=IFNULL(@OLD_FOREIGN_KEY_CHECKS, 1) */;
/*!40101 SET CHARACTER_SET_CLIENT=@OLD_CHARACTER_SET_CLIENT */;
/*!40111 SET SQL_NOTES=IFNULL(@OLD_SQL_NOTES, 1) */;
